year_month,ADM1_EN,convergence_score,metric
2014-03,Central Equatoria,0,n_events_total
2014-04,Central Equatoria,0,n_events_total
2014-05,Central Equatoria,0,n_events_total
2014-07,Central Equatoria,0,n_events_total
2014-11,Central Equatoria,0,n_events_total
2014-12,Central Equatoria,0,n_events_total
2015-01,Central Equatoria,0,n_events_total
2015-02,Central Equatoria,0,n_events_total
2015-03,Central Equatoria,0,n_events_total
2015-04,Central Equatoria,0,n_events_total
2015-05,Central Equatoria,3,n_events_total
2015-06,Central Equatoria,0,n_events_total
2015-07,Central Equatoria,0,n_events_total
2015-08,Central Equatoria,0,n_events_total
2015-09,Central Equatoria,0,n_events_total
2015-10,Central Equatoria,1,n_events_total
2015-11,Central Equatoria,0,n_events_total
2015-12,Central Equatoria,0,n_events_total
2016-01,Central Equatoria,1,n_events_total
2016-02,Central Equatoria,1,n_events_total
2016-03,Central Equatoria,2,n_events_total
2016-04,Central Equatoria,1,n_events_total
2016-05,Central Equatoria,1,n_events_total
2016-06,Central Equatoria,0,n_events_total
2016-07,Central Equatoria,5,n_events_total
2016-08,Central Equatoria,3,n_events_total
2016-09,Central Equatoria,1,n_events_total
2016-10,Central Equatoria,2,n_events_total
2016-11,Central Equatoria,2,n_events_total
2016-12,Central Equatoria,0,n_events_total
2017-01,Central Equatoria,0,n_events_total
2017-02,Central Equatoria,0,n_events_total
2017-03,Central Equatoria,2,n_events_total
2017-04,Central Equatoria,0,n_events_total
2017-05,Central Equatoria,0,n_events_total
2017-06,Central Equatoria,1,n_events_total
2017-07,Central Equatoria,0,n_events_total
2017-08,Central Equatoria,1,n_events_total
2017-09,Central Equatoria,0,n_events_total
2017-10,Central Equatoria,0,n_events_total
2017-11,Central Equatoria,0,n_events_total
2017-12,Central Equatoria,0,n_events_total
2018-01,Central Equatoria,1,n_events_total
2018-02,Central Equatoria,2,n_events_total
2018-03,Central Equatoria,0,n_events_total
2018-04,Central Equatoria,1,n_events_total
2018-05,Central Equatoria,0,n_events_total
2018-06,Central Equatoria,0,n_events_total
2018-07,Central Equatoria,0,n_events_total
2018-08,Central Equatoria,0,n_events_total
2018-09,Central Equatoria,0,n_events_total
2018-10,Central Equatoria,0,n_events_total
2018-11,Central Equatoria,0,n_events_total
2018-12,Central Equatoria,0,n_events_total
2019-01,Central Equatoria,0,n_events_total
2019-02,Central Equatoria,0,n_events_total
2019-03,Central Equatoria,0,n_events_total
2019-04,Central Equatoria,0,n_events_total
2019-05,Central Equatoria,1,n_events_total
2019-06,Central Equatoria,0,n_events_total
2019-07,Central Equatoria,0,n_events_total
2019-08,Central Equatoria,0,n_events_total
2019-09,Central Equatoria,0,n_events_total
2019-10,Central Equatoria,1,n_events_total
2019-11,Central Equatoria,1,n_events_total
2019-12,Central Equatoria,0,n_events_total
2020-01,Central Equatoria,0,n_events_total
2020-02,Central Equatoria,0,n_events_total
2020-03,Central Equatoria,0,n_events_total
2020-04,Central Equatoria,0,n_events_total
2020-05,Central Equatoria,0,n_events_total
2020-06,Central Equatoria,0,n_events_total
2020-07,Central Equatoria,0,n_events_total
2020-08,Central Equatoria,0,n_events_total
2020-09,Central Equatoria,0,n_events_total
2020-10,Central Equatoria,0,n_events_total
2020-11,Central Equatoria,0,n_events_total
2020-12,Central Equatoria,0,n_events_total
2021-01,Central Equatoria,0,n_events_total
2021-02,Central Equatoria,0,n_events_total
2021-03,Central Equatoria,0,n_events_total
2021-04,Central Equatoria,0,n_events_total
2021-05,Central Equatoria,0,n_events_total
2021-06,Central Equatoria,0,n_events_total
2021-07,Central Equatoria,0,n_events_total
2021-08,Central Equatoria,2,n_events_total
2021-09,Central Equatoria,0,n_events_total
2021-10,Central Equatoria,0,n_events_total
2021-11,Central Equatoria,0,n_events_total
2021-12,Central Equatoria,1,n_events_total
2022-01,Central Equatoria,0,n_events_total
2022-02,Central Equatoria,1,n_events_total
2022-03,Central Equatoria,1,n_events_total
2022-04,Central Equatoria,1,n_events_total
2022-05,Central Equatoria,0,n_events_total
2022-06,Central Equatoria,1,n_events_total
2022-07,Central Equatoria,1,n_events_total
2022-08,Central Equatoria,1,n_events_total
2022-09,Central Equatoria,1,n_events_total
2022-10,Central Equatoria,0,n_events_total
2022-11,Central Equatoria,1,n_events_total
2022-12,Central Equatoria,1,n_events_total
2023-01,Central Equatoria,0,n_events_total
2023-02,Central Equatoria,0,n_events_total
2023-03,Central Equatoria,0,n_events_total
2023-04,Central Equatoria,1,n_events_total
2023-05,Central Equatoria,0,n_events_total
2023-06,Central Equatoria,0,n_events_total
2023-07,Central Equatoria,0,n_events_total
2023-08,Central Equatoria,0,n_events_total
2023-09,Central Equatoria,0,n_events_total
2023-10,Central Equatoria,0,n_events_total
2023-11,Central Equatoria,0,n_events_total
2023-12,Central Equatoria,0,n_events_total
2024-01,Central Equatoria,0,n_events_total
2024-02,Central Equatoria,0,n_events_total
2024-03,Central Equatoria,1,n_events_total
2024-04,Central Equatoria,1,n_events_total
2024-05,Central Equatoria,0,n_events_total
2024-06,Central Equatoria,0,n_events_total
2024-07,Central Equatoria,0,n_events_total
2024-08,Central Equatoria,2,n_events_total
2024-09,Central Equatoria,0,n_events_total
2024-10,Central Equatoria,1,n_events_total
2024-11,Central Equatoria,2,n_events_total
2024-12,Central Equatoria,0,n_events_total
2025-01,Central Equatoria,1,n_events_total
2025-02,Central Equatoria,0,n_events_total
2025-03,Central Equatoria,1,n_events_total
2025-04,Central Equatoria,1,n_events_total
2025-05,Central Equatoria,0,n_events_total
2025-06,Central Equatoria,0,n_events_total
2025-07,Central Equatoria,2,n_events_total
2025-08,Central Equatoria,1,n_events_total
2025-09,Central Equatoria,1,n_events_total
2025-10,Central Equatoria,1,n_events_total
2025-11,Central Equatoria,0,n_events_total
2025-12,Central Equatoria,1,n_events_total
2014-03,Eastern Equatoria,0,n_events_total
2014-04,Eastern Equatoria,0,n_events_total
2014-05,Eastern Equatoria,0,n_events_total
2014-07,Eastern Equatoria,0,n_events_total
2014-11,Eastern Equatoria,0,n_events_total
2014-12,Eastern Equatoria,0,n_events_total
2015-01,Eastern Equatoria,0,n_events_total
2015-02,Eastern Equatoria,0,n_events_total
2015-03,Eastern Equatoria,1,n_events_total
2015-04,Eastern Equatoria,0,n_events_total
2015-05,Eastern Equatoria,0,n_events_total
2015-06,Eastern Equatoria,2,n_events_total
2015-07,Eastern Equatoria,2,n_events_total
2015-08,Eastern Equatoria,5,n_events_total
2015-09,Eastern Equatoria,1,n_events_total
2015-10,Eastern Equatoria,0,n_events_total
2015-11,Eastern Equatoria,0,n_events_total
2015-12,Eastern Equatoria,1,n_events_total
2016-01,Eastern Equatoria,0,n_events_total
2016-02,Eastern Equatoria,0,n_events_total
2016-03,Eastern Equatoria,1,n_events_total
2016-04,Eastern Equatoria,1,n_events_total
2016-05,Eastern Equatoria,2,n_events_total
2016-06,Eastern Equatoria,0,n_events_total
2016-07,Eastern Equatoria,2,n_events_total
2016-08,Eastern Equatoria,0,n_events_total
2016-09,Eastern Equatoria,2,n_events_total
2016-10,Eastern Equatoria,3,n_events_total
2016-11,Eastern Equatoria,0,n_events_total
2016-12,Eastern Equatoria,0,n_events_total
2017-01,Eastern Equatoria,0,n_events_total
2017-02,Eastern Equatoria,2,n_events_total
2017-03,Eastern Equatoria,2,n_events_total
2017-04,Eastern Equatoria,1,n_events_total
2017-05,Eastern Equatoria,1,n_events_total
2017-06,Eastern Equatoria,0,n_events_total
2017-07,Eastern Equatoria,1,n_events_total
2017-08,Eastern Equatoria,0,n_events_total
2017-09,Eastern Equatoria,0,n_events_total
2017-10,Eastern Equatoria,0,n_events_total
2017-11,Eastern Equatoria,1,n_events_total
2017-12,Eastern Equatoria,0,n_events_total
2018-01,Eastern Equatoria,3,n_events_total
2018-02,Eastern Equatoria,0,n_events_total
2018-03,Eastern Equatoria,1,n_events_total
2018-04,Eastern Equatoria,1,n_events_total
2018-05,Eastern Equatoria,1,n_events_total
2018-06,Eastern Equatoria,0,n_events_total
2018-07,Eastern Equatoria,0,n_events_total
2018-08,Eastern Equatoria,0,n_events_total
2018-09,Eastern Equatoria,0,n_events_total
2018-10,Eastern Equatoria,1,n_events_total
2018-11,Eastern Equatoria,0,n_events_total
2018-12,Eastern Equatoria,0,n_events_total
2019-01,Eastern Equatoria,0,n_events_total
2019-02,Eastern Equatoria,0,n_events_total
2019-03,Eastern Equatoria,0,n_events_total
2019-04,Eastern Equatoria,1,n_events_total
2019-05,Eastern Equatoria,1,n_events_total
2019-06,Eastern Equatoria,0,n_events_total
2019-07,Eastern Equatoria,0,n_events_total
2019-08,Eastern Equatoria,0,n_events_total
2019-09,Eastern Equatoria,0,n_events_total
2019-10,Eastern Equatoria,0,n_events_total
2019-11,Eastern Equatoria,0,n_events_total
2019-12,Eastern Equatoria,0,n_events_total
2020-01,Eastern Equatoria,1,n_events_total
2020-02,Eastern Equatoria,0,n_events_total
2020-03,Eastern Equatoria,0,n_events_total
2020-04,Eastern Equatoria,1,n_events_total
2020-05,Eastern Equatoria,0,n_events_total
2020-06,Eastern Equatoria,0,n_events_total
2020-07,Eastern Equatoria,1,n_events_total
2020-08,Eastern Equatoria,2,n_events_total
2020-09,Eastern Equatoria,0,n_events_total
2020-10,Eastern Equatoria,0,n_events_total
2020-11,Eastern Equatoria,1,n_events_total
2020-12,Eastern Equatoria,0,n_events_total
2021-01,Eastern Equatoria,0,n_events_total
2021-02,Eastern Equatoria,0,n_events_total
2021-03,Eastern Equatoria,1,n_events_total
2021-04,Eastern Equatoria,2,n_events_total
2021-05,Eastern Equatoria,4,n_events_total
2021-06,Eastern Equatoria,2,n_events_total
2021-07,Eastern Equatoria,1,n_events_total
2021-08,Eastern Equatoria,3,n_events_total
2021-09,Eastern Equatoria,0,n_events_total
2021-10,Eastern Equatoria,1,n_events_total
2021-11,Eastern Equatoria,0,n_events_total
2021-12,Eastern Equatoria,0,n_events_total
2022-01,Eastern Equatoria,0,n_events_total
2022-02,Eastern Equatoria,0,n_events_total
2022-03,Eastern Equatoria,1,n_events_total
2022-04,Eastern Equatoria,0,n_events_total
2022-05,Eastern Equatoria,0,n_events_total
2022-06,Eastern Equatoria,0,n_events_total
2022-07,Eastern Equatoria,1,n_events_total
2022-08,Eastern Equatoria,2,n_events_total
2022-09,Eastern Equatoria,1,n_events_total
2022-10,Eastern Equatoria,0,n_events_total
2022-11,Eastern Equatoria,1,n_events_total
2022-12,Eastern Equatoria,0,n_events_total
2023-01,Eastern Equatoria,0,n_events_total
2023-02,Eastern Equatoria,1,n_events_total
2023-03,Eastern Equatoria,1,n_events_total
2023-04,Eastern Equatoria,0,n_events_total
2023-05,Eastern Equatoria,0,n_events_total
2023-06,Eastern Equatoria,0,n_events_total
2023-07,Eastern Equatoria,1,n_events_total
2023-08,Eastern Equatoria,0,n_events_total
2023-09,Eastern Equatoria,1,n_events_total
2023-10,Eastern Equatoria,0,n_events_total
2023-11,Eastern Equatoria,0,n_events_total
2023-12,Eastern Equatoria,0,n_events_total
2024-01,Eastern Equatoria,0,n_events_total
2024-02,Eastern Equatoria,1,n_events_total
2024-03,Eastern Equatoria,1,n_events_total
2024-04,Eastern Equatoria,0,n_events_total
2024-05,Eastern Equatoria,0,n_events_total
2024-06,Eastern Equatoria,0,n_events_total
2024-07,Eastern Equatoria,0,n_events_total
2024-08,Eastern Equatoria,2,n_events_total
2024-09,Eastern Equatoria,0,n_events_total
2024-10,Eastern Equatoria,1,n_events_total
2024-11,Eastern Equatoria,0,n_events_total
2024-12,Eastern Equatoria,0,n_events_total
2025-01,Eastern Equatoria,0,n_events_total
2025-02,Eastern Equatoria,0,n_events_total
2025-03,Eastern Equatoria,0,n_events_total
2025-04,Eastern Equatoria,1,n_events_total
2025-05,Eastern Equatoria,0,n_events_total
2025-06,Eastern Equatoria,0,n_events_total
2025-07,Eastern Equatoria,0,n_events_total
2025-08,Eastern Equatoria,0,n_events_total
2025-09,Eastern Equatoria,1,n_events_total
2025-10,Eastern Equatoria,0,n_events_total
2025-11,Eastern Equatoria,1,n_events_total
2025-12,Eastern Equatoria,0,n_events_total
2014-03,Jonglei,0,n_events_total
2014-04,Jonglei,0,n_events_total
2014-05,Jonglei,0,n_events_total
2014-07,Jonglei,0,n_events_total
2014-11,Jonglei,0,n_events_total
2014-12,Jonglei,0,n_events_total
2015-01,Jonglei,0,n_events_total
2015-02,Jonglei,0,n_events_total
2015-03,Jonglei,1,n_events_total
2015-04,Jonglei,0,n_events_total
2015-05,Jonglei,3,n_events_total
2015-06,Jonglei,0,n_events_total
2015-07,Jonglei,0,n_events_total
2015-08,Jonglei,3,n_events_total
2015-09,Jonglei,1,n_events_total
2015-10,Jonglei,1,n_events_total
2015-11,Jonglei,0,n_events_total
2015-12,Jonglei,0,n_events_total
2016-01,Jonglei,0,n_events_total
2016-02,Jonglei,1,n_events_total
2016-03,Jonglei,1,n_events_total
2016-04,Jonglei,0,n_events_total
2016-05,Jonglei,0,n_events_total
2016-06,Jonglei,0,n_events_total
2016-07,Jonglei,1,n_events_total
2016-08,Jonglei,0,n_events_total
2016-09,Jonglei,0,n_events_total
2016-10,Jonglei,0,n_events_total
2016-11,Jonglei,0,n_events_total
2016-12,Jonglei,2,n_events_total
2017-01,Jonglei,1,n_events_total
2017-02,Jonglei,2,n_events_total
2017-03,Jonglei,1,n_events_total
2017-04,Jonglei,4,n_events_total
2017-05,Jonglei,0,n_events_total
2017-06,Jonglei,1,n_events_total
2017-07,Jonglei,0,n_events_total
2017-08,Jonglei,0,n_events_total
2017-09,Jonglei,1,n_events_total
2017-10,Jonglei,1,n_events_total
2017-11,Jonglei,1,n_events_total
2017-12,Jonglei,3,n_events_total
2018-01,Jonglei,2,n_events_total
2018-02,Jonglei,0,n_events_total
2018-03,Jonglei,0,n_events_total
2018-04,Jonglei,1,n_events_total
2018-05,Jonglei,1,n_events_total
2018-06,Jonglei,0,n_events_total
2018-07,Jonglei,0,n_events_total
2018-08,Jonglei,1,n_events_total
2018-09,Jonglei,1,n_events_total
2018-10,Jonglei,1,n_events_total
2018-11,Jonglei,2,n_events_total
2018-12,Jonglei,1,n_events_total
2019-01,Jonglei,1,n_events_total
2019-02,Jonglei,1,n_events_total
2019-03,Jonglei,2,n_events_total
2019-04,Jonglei,1,n_events_total
2019-05,Jonglei,0,n_events_total
2019-06,Jonglei,0,n_events_total
2019-07,Jonglei,2,n_events_total
2019-08,Jonglei,0,n_events_total
2019-09,Jonglei,0,n_events_total
2019-10,Jonglei,0,n_events_total
2019-11,Jonglei,0,n_events_total
2019-12,Jonglei,0,n_events_total
2020-01,Jonglei,0,n_events_total
2020-02,Jonglei,0,n_events_total
2020-03,Jonglei,0,n_events_total
2020-04,Jonglei,0,n_events_total
2020-05,Jonglei,1,n_events_total
2020-06,Jonglei,2,n_events_total
2020-07,Jonglei,0,n_events_total
2020-08,Jonglei,0,n_events_total
2020-09,Jonglei,1,n_events_total
2020-10,Jonglei,0,n_events_total
2020-11,Jonglei,0,n_events_total
2020-12,Jonglei,0,n_events_total
2021-01,Jonglei,0,n_events_total
2021-02,Jonglei,0,n_events_total
2021-03,Jonglei,1,n_events_total
2021-04,Jonglei,0,n_events_total
2021-05,Jonglei,0,n_events_total
2021-06,Jonglei,0,n_events_total
2021-07,Jonglei,0,n_events_total
2021-08,Jonglei,1,n_events_total
2021-09,Jonglei,0,n_events_total
2021-10,Jonglei,0,n_events_total
2021-11,Jonglei,0,n_events_total
2021-12,Jonglei,0,n_events_total
2022-01,Jonglei,1,n_events_total
2022-02,Jonglei,0,n_events_total
2022-03,Jonglei,0,n_events_total
2022-04,Jonglei,1,n_events_total
2022-05,Jonglei,0,n_events_total
2022-06,Jonglei,1,n_events_total
2022-07,Jonglei,1,n_events_total
2022-08,Jonglei,1,n_events_total
2022-09,Jonglei,1,n_events_total
2022-10,Jonglei,0,n_events_total
2022-11,Jonglei,0,n_events_total
2022-12,Jonglei,1,n_events_total
2023-01,Jonglei,1,n_events_total
2023-02,Jonglei,0,n_events_total
2023-03,Jonglei,1,n_events_total
2023-04,Jonglei,1,n_events_total
2023-05,Jonglei,1,n_events_total
2023-06,Jonglei,0,n_events_total
2023-07,Jonglei,1,n_events_total
2023-08,Jonglei,0,n_events_total
2023-09,Jonglei,0,n_events_total
2023-10,Jonglei,0,n_events_total
2023-11,Jonglei,0,n_events_total
2023-12,Jonglei,0,n_events_total
2024-01,Jonglei,1,n_events_total
2024-02,Jonglei,0,n_events_total
2024-03,Jonglei,0,n_events_total
2024-04,Jonglei,0,n_events_total
2024-05,Jonglei,0,n_events_total
2024-06,Jonglei,1,n_events_total
2024-07,Jonglei,1,n_events_total
2024-08,Jonglei,1,n_events_total
2024-09,Jonglei,0,n_events_total
2024-10,Jonglei,1,n_events_total
2024-11,Jonglei,1,n_events_total
2024-12,Jonglei,1,n_events_total
2025-01,Jonglei,0,n_events_total
2025-02,Jonglei,1,n_events_total
2025-03,Jonglei,1,n_events_total
2025-04,Jonglei,1,n_events_total
2025-05,Jonglei,3,n_events_total
2025-06,Jonglei,0,n_events_total
2025-07,Jonglei,0,n_events_total
2025-08,Jonglei,2,n_events_total
2025-09,Jonglei,1,n_events_total
2025-10,Jonglei,0,n_events_total
2025-11,Jonglei,0,n_events_total
2025-12,Jonglei,0,n_events_total
2014-03,Lakes,0,n_events_total
2014-04,Lakes,0,n_events_total
2014-05,Lakes,0,n_events_total
2014-07,Lakes,0,n_events_total
2014-11,Lakes,0,n_events_total
2014-12,Lakes,0,n_events_total
2015-01,Lakes,0,n_events_total
2015-02,Lakes,1,n_events_total
2015-03,Lakes,1,n_events_total
2015-04,Lakes,1,n_events_total
2015-05,Lakes,3,n_events_total
2015-06,Lakes,2,n_events_total
2015-07,Lakes,2,n_events_total
2015-08,Lakes,2,n_events_total
2015-09,Lakes,1,n_events_total
2015-10,Lakes,2,n_events_total
2015-11,Lakes,0,n_events_total
2015-12,Lakes,2,n_events_total
2016-01,Lakes,0,n_events_total
2016-02,Lakes,1,n_events_total
2016-03,Lakes,0,n_events_total
2016-04,Lakes,0,n_events_total
2016-05,Lakes,0,n_events_total
2016-06,Lakes,0,n_events_total
2016-07,Lakes,0,n_events_total
2016-08,Lakes,0,n_events_total
2016-09,Lakes,0,n_events_total
2016-10,Lakes,0,n_events_total
2016-11,Lakes,0,n_events_total
2016-12,Lakes,0,n_events_total
2017-01,Lakes,0,n_events_total
2017-02,Lakes,0,n_events_total
2017-03,Lakes,4,n_events_total
2017-04,Lakes,0,n_events_total
2017-05,Lakes,2,n_events_total
2017-06,Lakes,0,n_events_total
2017-07,Lakes,0,n_events_total
2017-08,Lakes,1,n_events_total
2017-09,Lakes,0,n_events_total
2017-10,Lakes,1,n_events_total
2017-11,Lakes,1,n_events_total
2017-12,Lakes,1,n_events_total
2018-01,Lakes,1,n_events_total
2018-02,Lakes,0,n_events_total
2018-03,Lakes,1,n_events_total
2018-04,Lakes,0,n_events_total
2018-05,Lakes,0,n_events_total
2018-06,Lakes,1,n_events_total
2018-07,Lakes,0,n_events_total
2018-08,Lakes,0,n_events_total
2018-09,Lakes,1,n_events_total
2018-10,Lakes,1,n_events_total
2018-11,Lakes,1,n_events_total
2018-12,Lakes,0,n_events_total
2019-01,Lakes,0,n_events_total
2019-02,Lakes,0,n_events_total
2019-03,Lakes,0,n_events_total
2019-04,Lakes,0,n_events_total
2019-05,Lakes,1,n_events_total
2019-06,Lakes,0,n_events_total
2019-07,Lakes,0,n_events_total
2019-08,Lakes,0,n_events_total
2019-09,Lakes,1,n_events_total
2019-10,Lakes,1,n_events_total
2019-11,Lakes,0,n_events_total
2019-12,Lakes,1,n_events_total
2020-01,Lakes,0,n_events_total
2020-02,Lakes,0,n_events_total
2020-03,Lakes,0,n_events_total
2020-04,Lakes,0,n_events_total
2020-05,Lakes,0,n_events_total
2020-06,Lakes,2,n_events_total
2020-07,Lakes,1,n_events_total
2020-08,Lakes,1,n_events_total
2020-09,Lakes,0,n_events_total
2020-10,Lakes,0,n_events_total
2020-11,Lakes,0,n_events_total
2020-12,Lakes,0,n_events_total
2021-01,Lakes,1,n_events_total
2021-02,Lakes,0,n_events_total
2021-03,Lakes,0,n_events_total
2021-04,Lakes,2,n_events_total
2021-05,Lakes,2,n_events_total
2021-06,Lakes,2,n_events_total
2021-07,Lakes,2,n_events_total
2021-08,Lakes,2,n_events_total
2021-09,Lakes,1,n_events_total
2021-10,Lakes,2,n_events_total
2021-11,Lakes,1,n_events_total
2021-12,Lakes,0,n_events_total
2022-01,Lakes,0,n_events_total
2022-02,Lakes,0,n_events_total
2022-03,Lakes,1,n_events_total
2022-04,Lakes,0,n_events_total
2022-05,Lakes,0,n_events_total
2022-06,Lakes,0,n_events_total
2022-07,Lakes,0,n_events_total
2022-08,Lakes,0,n_events_total
2022-09,Lakes,0,n_events_total
2022-10,Lakes,0,n_events_total
2022-11,Lakes,0,n_events_total
2022-12,Lakes,0,n_events_total
2023-01,Lakes,0,n_events_total
2023-02,Lakes,0,n_events_total
2023-03,Lakes,0,n_events_total
2023-04,Lakes,0,n_events_total
2023-05,Lakes,0,n_events_total
2023-06,Lakes,1,n_events_total
2023-07,Lakes,0,n_events_total
2023-08,Lakes,0,n_events_total
2023-09,Lakes,1,n_events_total
2023-10,Lakes,0,n_events_total
2023-11,Lakes,0,n_events_total
2023-12,Lakes,1,n_events_total
2024-01,Lakes,0,n_events_total
2024-02,Lakes,0,n_events_total
2024-03,Lakes,0,n_events_total
2024-04,Lakes,0,n_events_total
2024-05,Lakes,0,n_events_total
2024-06,Lakes,0,n_events_total
2024-07,Lakes,0,n_events_total
2024-08,Lakes,1,n_events_total
2024-09,Lakes,0,n_events_total
2024-10,Lakes,0,n_events_total
2024-11,Lakes,0,n_events_total
2024-12,Lakes,0,n_events_total
2025-01,Lakes,0,n_events_total
2025-02,Lakes,0,n_events_total
2025-03,Lakes,1,n_events_total
2025-04,Lakes,1,n_events_total
2025-05,Lakes,1,n_events_total
2025-06,Lakes,1,n_events_total
2025-07,Lakes,1,n_events_total
2025-08,Lakes,1,n_events_total
2025-09,Lakes,1,n_events_total
2025-10,Lakes,0,n_events_total
2025-11,Lakes,0,n_events_total
2025-12,Lakes,0,n_events_total
2014-03,Northern Bahr el Ghazal,0,n_events_total
2014-04,Northern Bahr el Ghazal,0,n_events_total
2014-05,Northern Bahr el Ghazal,0,n_events_total
2014-07,Northern Bahr el Ghazal,0,n_events_total
2014-11,Northern Bahr el Ghazal,0,n_events_total
2014-12,Northern Bahr el Ghazal,0,n_events_total
2015-01,Northern Bahr el Ghazal,0,n_events_total
2015-02,Northern Bahr el Ghazal,0,n_events_total
2015-03,Northern Bahr el Ghazal,1,n_events_total
2015-04,Northern Bahr el Ghazal,3,n_events_total
2015-05,Northern Bahr el Ghazal,1,n_events_total
2015-06,Northern Bahr el Ghazal,1,n_events_total
2015-07,Northern Bahr el Ghazal,2,n_events_total
2015-08,Northern Bahr el Ghazal,1,n_events_total
2015-09,Northern Bahr el Ghazal,1,n_events_total
2015-10,Northern Bahr el Ghazal,0,n_events_total
2015-11,Northern Bahr el Ghazal,0,n_events_total
2015-12,Northern Bahr el Ghazal,1,n_events_total
2016-01,Northern Bahr el Ghazal,0,n_events_total
2016-02,Northern Bahr el Ghazal,3,n_events_total
2016-03,Northern Bahr el Ghazal,2,n_events_total
2016-04,Northern Bahr el Ghazal,1,n_events_total
2016-05,Northern Bahr el Ghazal,2,n_events_total
2016-06,Northern Bahr el Ghazal,1,n_events_total
2016-07,Northern Bahr el Ghazal,2,n_events_total
2016-08,Northern Bahr el Ghazal,1,n_events_total
2016-09,Northern Bahr el Ghazal,1,n_events_total
2016-10,Northern Bahr el Ghazal,1,n_events_total
2016-11,Northern Bahr el Ghazal,1,n_events_total
2016-12,Northern Bahr el Ghazal,1,n_events_total
2017-01,Northern Bahr el Ghazal,0,n_events_total
2017-02,Northern Bahr el Ghazal,1,n_events_total
2017-03,Northern Bahr el Ghazal,1,n_events_total
2017-04,Northern Bahr el Ghazal,1,n_events_total
2017-05,Northern Bahr el Ghazal,0,n_events_total
2017-06,Northern Bahr el Ghazal,2,n_events_total
2017-07,Northern Bahr el Ghazal,0,n_events_total
2017-08,Northern Bahr el Ghazal,1,n_events_total
2017-09,Northern Bahr el Ghazal,0,n_events_total
2017-10,Northern Bahr el Ghazal,1,n_events_total
2017-11,Northern Bahr el Ghazal,1,n_events_total
2017-12,Northern Bahr el Ghazal,2,n_events_total
2018-01,Northern Bahr el Ghazal,1,n_events_total
2018-02,Northern Bahr el Ghazal,0,n_events_total
2018-03,Northern Bahr el Ghazal,0,n_events_total
2018-04,Northern Bahr el Ghazal,0,n_events_total
2018-05,Northern Bahr el Ghazal,0,n_events_total
2018-06,Northern Bahr el Ghazal,0,n_events_total
2018-07,Northern Bahr el Ghazal,1,n_events_total
2018-08,Northern Bahr el Ghazal,1,n_events_total
2018-09,Northern Bahr el Ghazal,0,n_events_total
2018-10,Northern Bahr el Ghazal,0,n_events_total
2018-11,Northern Bahr el Ghazal,0,n_events_total
2018-12,Northern Bahr el Ghazal,0,n_events_total
2019-01,Northern Bahr el Ghazal,0,n_events_total
2019-02,Northern Bahr el Ghazal,0,n_events_total
2019-03,Northern Bahr el Ghazal,0,n_events_total
2019-04,Northern Bahr el Ghazal,0,n_events_total
2019-05,Northern Bahr el Ghazal,0,n_events_total
2019-06,Northern Bahr el Ghazal,0,n_events_total
2019-07,Northern Bahr el Ghazal,1,n_events_total
2019-08,Northern Bahr el Ghazal,0,n_events_total
2019-09,Northern Bahr el Ghazal,0,n_events_total
2019-10,Northern Bahr el Ghazal,0,n_events_total
2019-11,Northern Bahr el Ghazal,0,n_events_total
2019-12,Northern Bahr el Ghazal,0,n_events_total
2020-01,Northern Bahr el Ghazal,0,n_events_total
2020-02,Northern Bahr el Ghazal,1,n_events_total
2020-03,Northern Bahr el Ghazal,1,n_events_total
2020-04,Northern Bahr el Ghazal,0,n_events_total
2020-05,Northern Bahr el Ghazal,0,n_events_total
2020-06,Northern Bahr el Ghazal,0,n_events_total
2020-07,Northern Bahr el Ghazal,0,n_events_total
2020-08,Northern Bahr el Ghazal,0,n_events_total
2020-09,Northern Bahr el Ghazal,0,n_events_total
2020-10,Northern Bahr el Ghazal,0,n_events_total
2020-11,Northern Bahr el Ghazal,0,n_events_total
2020-12,Northern Bahr el Ghazal,0,n_events_total
2021-01,Northern Bahr el Ghazal,0,n_events_total
2021-02,Northern Bahr el Ghazal,0,n_events_total
2021-03,Northern Bahr el Ghazal,1,n_events_total
2021-04,Northern Bahr el Ghazal,0,n_events_total
2021-05,Northern Bahr el Ghazal,0,n_events_total
2021-06,Northern Bahr el Ghazal,0,n_events_total
2021-07,Northern Bahr el Ghazal,0,n_events_total
2021-08,Northern Bahr el Ghazal,0,n_events_total
2021-09,Northern Bahr el Ghazal,0,n_events_total
2021-10,Northern Bahr el Ghazal,0,n_events_total
2021-11,Northern Bahr el Ghazal,0,n_events_total
2021-12,Northern Bahr el Ghazal,1,n_events_total
2022-01,Northern Bahr el Ghazal,2,n_events_total
2022-02,Northern Bahr el Ghazal,1,n_events_total
2022-03,Northern Bahr el Ghazal,1,n_events_total
2022-04,Northern Bahr el Ghazal,0,n_events_total
2022-05,Northern Bahr el Ghazal,3,n_events_total
2022-06,Northern Bahr el Ghazal,0,n_events_total
2022-07,Northern Bahr el Ghazal,1,n_events_total
2022-08,Northern Bahr el Ghazal,0,n_events_total
2022-09,Northern Bahr el Ghazal,0,n_events_total
2022-10,Northern Bahr el Ghazal,0,n_events_total
2022-11,Northern Bahr el Ghazal,0,n_events_total
2022-12,Northern Bahr el Ghazal,0,n_events_total
2023-01,Northern Bahr el Ghazal,0,n_events_total
2023-02,Northern Bahr el Ghazal,0,n_events_total
2023-03,Northern Bahr el Ghazal,0,n_events_total
2023-04,Northern Bahr el Ghazal,0,n_events_total
2023-05,Northern Bahr el Ghazal,0,n_events_total
2023-06,Northern Bahr el Ghazal,0,n_events_total
2023-07,Northern Bahr el Ghazal,0,n_events_total
2023-08,Northern Bahr el Ghazal,0,n_events_total
2023-09,Northern Bahr el Ghazal,0,n_events_total
2023-10,Northern Bahr el Ghazal,0,n_events_total
2023-11,Northern Bahr el Ghazal,0,n_events_total
2023-12,Northern Bahr el Ghazal,0,n_events_total
2024-01,Northern Bahr el Ghazal,1,n_events_total
2024-02,Northern Bahr el Ghazal,1,n_events_total
2024-03,Northern Bahr el Ghazal,0,n_events_total
2024-04,Northern Bahr el Ghazal,1,n_events_total
2024-05,Northern Bahr el Ghazal,0,n_events_total
2024-06,Northern Bahr el Ghazal,1,n_events_total
2024-07,Northern Bahr el Ghazal,1,n_events_total
2024-08,Northern Bahr el Ghazal,2,n_events_total
2024-09,Northern Bahr el Ghazal,0,n_events_total
2024-10,Northern Bahr el Ghazal,0,n_events_total
2024-11,Northern Bahr el Ghazal,0,n_events_total
2024-12,Northern Bahr el Ghazal,1,n_events_total
2025-01,Northern Bahr el Ghazal,2,n_events_total
2025-02,Northern Bahr el Ghazal,1,n_events_total
2025-03,Northern Bahr el Ghazal,0,n_events_total
2025-04,Northern Bahr el Ghazal,1,n_events_total
2025-05,Northern Bahr el Ghazal,1,n_events_total
2025-06,Northern Bahr el Ghazal,1,n_events_total
2025-07,Northern Bahr el Ghazal,0,n_events_total
2025-08,Northern Bahr el Ghazal,0,n_events_total
2025-09,Northern Bahr el Ghazal,0,n_events_total
2025-10,Northern Bahr el Ghazal,0,n_events_total
2025-11,Northern Bahr el Ghazal,1,n_events_total
2025-12,Northern Bahr el Ghazal,0,n_events_total
2014-03,Unity,0,n_events_total
2014-04,Unity,0,n_events_total
2014-05,Unity,0,n_events_total
2014-07,Unity,0,n_events_total
2014-11,Unity,0,n_events_total
2014-12,Unity,0,n_events_total
2015-01,Unity,0,n_events_total
2015-02,Unity,1,n_events_total
2015-03,Unity,2,n_events_total
2015-04,Unity,2,n_events_total
2015-05,Unity,6,n_events_total
2015-06,Unity,2,n_events_total
2015-07,Unity,3,n_events_total
2015-08,Unity,2,n_events_total
2015-09,Unity,0,n_events_total
2015-10,Unity,1,n_events_total
2015-11,Unity,1,n_events_total
2015-12,Unity,4,n_events_total
2016-01,Unity,0,n_events_total
2016-02,Unity,0,n_events_total
2016-03,Unity,1,n_events_total
2016-04,Unity,1,n_events_total
2016-05,Unity,2,n_events_total
2016-06,Unity,0,n_events_total
2016-07,Unity,0,n_events_total
2016-08,Unity,0,n_events_total
2016-09,Unity,3,n_events_total
2016-10,Unity,1,n_events_total
2016-11,Unity,2,n_events_total
2016-12,Unity,0,n_events_total
2017-01,Unity,0,n_events_total
2017-02,Unity,0,n_events_total
2017-03,Unity,0,n_events_total
2017-04,Unity,2,n_events_total
2017-05,Unity,0,n_events_total
2017-06,Unity,0,n_events_total
2017-07,Unity,1,n_events_total
2017-08,Unity,0,n_events_total
2017-09,Unity,1,n_events_total
2017-10,Unity,0,n_events_total
2017-11,Unity,0,n_events_total
2017-12,Unity,0,n_events_total
2018-01,Unity,0,n_events_total
2018-02,Unity,0,n_events_total
2018-03,Unity,0,n_events_total
2018-04,Unity,2,n_events_total
2018-05,Unity,0,n_events_total
2018-06,Unity,0,n_events_total
2018-07,Unity,0,n_events_total
2018-08,Unity,0,n_events_total
2018-09,Unity,1,n_events_total
2018-10,Unity,1,n_events_total
2018-11,Unity,0,n_events_total
2018-12,Unity,4,n_events_total
2019-01,Unity,0,n_events_total
2019-02,Unity,1,n_events_total
2019-03,Unity,0,n_events_total
2019-04,Unity,0,n_events_total
2019-05,Unity,0,n_events_total
2019-06,Unity,0,n_events_total
2019-07,Unity,0,n_events_total
2019-08,Unity,0,n_events_total
2019-09,Unity,0,n_events_total
2019-10,Unity,0,n_events_total
2019-11,Unity,0,n_events_total
2019-12,Unity,0,n_events_total
2020-01,Unity,0,n_events_total
2020-02,Unity,0,n_events_total
2020-03,Unity,0,n_events_total
2020-04,Unity,0,n_events_total
2020-05,Unity,0,n_events_total
2020-06,Unity,0,n_events_total
2020-07,Unity,0,n_events_total
2020-08,Unity,0,n_events_total
2020-09,Unity,0,n_events_total
2020-10,Unity,0,n_events_total
2020-11,Unity,0,n_events_total
2020-12,Unity,0,n_events_total
2021-01,Unity,0,n_events_total
2021-02,Unity,1,n_events_total
2021-03,Unity,1,n_events_total
2021-04,Unity,0,n_events_total
2021-05,Unity,1,n_events_total
2021-06,Unity,0,n_events_total
2021-07,Unity,0,n_events_total
2021-08,Unity,1,n_events_total
2021-09,Unity,0,n_events_total
2021-10,Unity,0,n_events_total
2021-11,Unity,1,n_events_total
2021-12,Unity,1,n_events_total
2022-01,Unity,0,n_events_total
2022-02,Unity,1,n_events_total
2022-03,Unity,0,n_events_total
2022-04,Unity,0,n_events_total
2022-05,Unity,0,n_events_total
2022-06,Unity,0,n_events_total
2022-07,Unity,1,n_events_total
2022-08,Unity,1,n_events_total
2022-09,Unity,1,n_events_total
2022-10,Unity,1,n_events_total
2022-11,Unity,0,n_events_total
2022-12,Unity,1,n_events_total
2023-01,Unity,0,n_events_total
2023-02,Unity,2,n_events_total
2023-03,Unity,0,n_events_total
2023-04,Unity,0,n_events_total
2023-05,Unity,0,n_events_total
2023-06,Unity,0,n_events_total
2023-07,Unity,0,n_events_total
2023-08,Unity,0,n_events_total
2023-09,Unity,0,n_events_total
2023-10,Unity,1,n_events_total
2023-11,Unity,0,n_events_total
2023-12,Unity,0,n_events_total
2024-01,Unity,0,n_events_total
2024-02,Unity,0,n_events_total
2024-03,Unity,0,n_events_total
2024-04,Unity,0,n_events_total
2024-05,Unity,0,n_events_total
2024-06,Unity,0,n_events_total
2024-07,Unity,0,n_events_total
2024-08,Unity,2,n_events_total
2024-09,Unity,0,n_events_total
2024-10,Unity,0,n_events_total
2024-11,Unity,0,n_events_total
2024-12,Unity,1,n_events_total
2025-01,Unity,0,n_events_total
2025-02,Unity,0,n_events_total
2025-03,Unity,1,n_events_total
2025-04,Unity,1,n_events_total
2025-05,Unity,0,n_events_total
2025-06,Unity,0,n_events_total
2025-07,Unity,0,n_events_total
2025-08,Unity,0,n_events_total
2025-09,Unity,1,n_events_total
2025-10,Unity,1,n_events_total
2025-11,Unity,0,n_events_total
2025-12,Unity,0,n_events_total
2014-03,Upper Nile,0,n_events_total
2014-04,Upper Nile,0,n_events_total
2014-05,Upper Nile,0,n_events_total
2014-07,Upper Nile,0,n_events_total
2014-11,Upper Nile,0,n_events_total
2014-12,Upper Nile,0,n_events_total
2015-01,Upper Nile,0,n_events_total
2015-02,Upper Nile,0,n_events_total
2015-03,Upper Nile,3,n_events_total
2015-04,Upper Nile,2,n_events_total
2015-05,Upper Nile,4,n_events_total
2015-06,Upper Nile,1,n_events_total
2015-07,Upper Nile,1,n_events_total
2015-08,Upper Nile,0,n_events_total
2015-09,Upper Nile,3,n_events_total
2015-10,Upper Nile,0,n_events_total
2015-11,Upper Nile,0,n_events_total
2015-12,Upper Nile,1,n_events_total
2016-01,Upper Nile,0,n_events_total
2016-02,Upper Nile,2,n_events_total
2016-03,Upper Nile,1,n_events_total
2016-04,Upper Nile,1,n_events_total
2016-05,Upper Nile,2,n_events_total
2016-06,Upper Nile,0,n_events_total
2016-07,Upper Nile,1,n_events_total
2016-08,Upper Nile,1,n_events_total
2016-09,Upper Nile,0,n_events_total
2016-10,Upper Nile,1,n_events_total
2016-11,Upper Nile,0,n_events_total
2016-12,Upper Nile,1,n_events_total
2017-01,Upper Nile,2,n_events_total
2017-02,Upper Nile,2,n_events_total
2017-03,Upper Nile,2,n_events_total
2017-04,Upper Nile,1,n_events_total
2017-05,Upper Nile,1,n_events_total
2017-06,Upper Nile,1,n_events_total
2017-07,Upper Nile,4,n_events_total
2017-08,Upper Nile,2,n_events_total
2017-09,Upper Nile,2,n_events_total
2017-10,Upper Nile,0,n_events_total
2017-11,Upper Nile,0,n_events_total
2017-12,Upper Nile,0,n_events_total
2018-01,Upper Nile,0,n_events_total
2018-02,Upper Nile,0,n_events_total
2018-03,Upper Nile,0,n_events_total
2018-04,Upper Nile,1,n_events_total
2018-05,Upper Nile,0,n_events_total
2018-06,Upper Nile,0,n_events_total
2018-07,Upper Nile,1,n_events_total
2018-08,Upper Nile,0,n_events_total
2018-09,Upper Nile,0,n_events_total
2018-10,Upper Nile,1,n_events_total
2018-11,Upper Nile,1,n_events_total
2018-12,Upper Nile,0,n_events_total
2019-01,Upper Nile,0,n_events_total
2019-02,Upper Nile,0,n_events_total
2019-03,Upper Nile,0,n_events_total
2019-04,Upper Nile,0,n_events_total
2019-05,Upper Nile,0,n_events_total
2019-06,Upper Nile,0,n_events_total
2019-07,Upper Nile,0,n_events_total
2019-08,Upper Nile,0,n_events_total
2019-09,Upper Nile,0,n_events_total
2019-10,Upper Nile,0,n_events_total
2019-11,Upper Nile,0,n_events_total
2019-12,Upper Nile,0,n_events_total
2020-01,Upper Nile,0,n_events_total
2020-02,Upper Nile,0,n_events_total
2020-03,Upper Nile,0,n_events_total
2020-04,Upper Nile,0,n_events_total
2020-05,Upper Nile,0,n_events_total
2020-06,Upper Nile,0,n_events_total
2020-07,Upper Nile,0,n_events_total
2020-08,Upper Nile,0,n_events_total
2020-09,Upper Nile,0,n_events_total
2020-10,Upper Nile,0,n_events_total
2020-11,Upper Nile,0,n_events_total
2020-12,Upper Nile,0,n_events_total
2021-01,Upper Nile,0,n_events_total
2021-02,Upper Nile,0,n_events_total
2021-03,Upper Nile,0,n_events_total
2021-04,Upper Nile,0,n_events_total
2021-05,Upper Nile,0,n_events_total
2021-06,Upper Nile,0,n_events_total
2021-07,Upper Nile,0,n_events_total
2021-08,Upper Nile,2,n_events_total
2021-09,Upper Nile,0,n_events_total
2021-10,Upper Nile,0,n_events_total
2021-11,Upper Nile,0,n_events_total
2021-12,Upper Nile,0,n_events_total
2022-01,Upper Nile,0,n_events_total
2022-02,Upper Nile,0,n_events_total
2022-03,Upper Nile,0,n_events_total
2022-04,Upper Nile,0,n_events_total
2022-05,Upper Nile,0,n_events_total
2022-06,Upper Nile,0,n_events_total
2022-07,Upper Nile,0,n_events_total
2022-08,Upper Nile,0,n_events_total
2022-09,Upper Nile,1,n_events_total
2022-10,Upper Nile,0,n_events_total
2022-11,Upper Nile,0,n_events_total
2022-12,Upper Nile,3,n_events_total
2023-01,Upper Nile,1,n_events_total
2023-02,Upper Nile,0,n_events_total
2023-03,Upper Nile,0,n_events_total
2023-04,Upper Nile,0,n_events_total
2023-05,Upper Nile,0,n_events_total
2023-06,Upper Nile,1,n_events_total
2023-07,Upper Nile,0,n_events_total
2023-08,Upper Nile,0,n_events_total
2023-09,Upper Nile,0,n_events_total
2023-10,Upper Nile,1,n_events_total
2023-11,Upper Nile,1,n_events_total
2023-12,Upper Nile,0,n_events_total
2024-01,Upper Nile,0,n_events_total
2024-02,Upper Nile,0,n_events_total
2024-03,Upper Nile,1,n_events_total
2024-04,Upper Nile,0,n_events_total
2024-05,Upper Nile,0,n_events_total
2024-06,Upper Nile,0,n_events_total
2024-07,Upper Nile,0,n_events_total
2024-08,Upper Nile,0,n_events_total
2024-09,Upper Nile,0,n_events_total
2024-10,Upper Nile,0,n_events_total
2024-11,Upper Nile,1,n_events_total
2024-12,Upper Nile,0,n_events_total
2025-01,Upper Nile,0,n_events_total
2025-02,Upper Nile,0,n_events_total
2025-03,Upper Nile,3,n_events_total
2025-04,Upper Nile,3,n_events_total
2025-05,Upper Nile,2,n_events_total
2025-06,Upper Nile,0,n_events_total
2025-07,Upper Nile,0,n_events_total
2025-08,Upper Nile,2,n_events_total
2025-09,Upper Nile,3,n_events_total
2025-10,Upper Nile,1,n_events_total
2025-11,Upper Nile,0,n_events_total
2025-12,Upper Nile,0,n_events_total
2014-03,Warrap,0,n_events_total
2014-04,Warrap,0,n_events_total
2014-05,Warrap,0,n_events_total
2014-07,Warrap,0,n_events_total
2014-11,Warrap,0,n_events_total
2014-12,Warrap,0,n_events_total
2015-01,Warrap,0,n_events_total
2015-02,Warrap,0,n_events_total
2015-03,Warrap,0,n_events_total
2015-04,Warrap,0,n_events_total
2015-05,Warrap,2,n_events_total
2015-06,Warrap,1,n_events_total
2015-07,Warrap,3,n_events_total
2015-08,Warrap,1,n_events_total
2015-09,Warrap,0,n_events_total
2015-10,Warrap,1,n_events_total
2015-11,Warrap,0,n_events_total
2015-12,Warrap,0,n_events_total
2016-01,Warrap,0,n_events_total
2016-02,Warrap,2,n_events_total
2016-03,Warrap,1,n_events_total
2016-04,Warrap,0,n_events_total
2016-05,Warrap,1,n_events_total
2016-06,Warrap,0,n_events_total
2016-07,Warrap,1,n_events_total
2016-08,Warrap,0,n_events_total
2016-09,Warrap,0,n_events_total
2016-10,Warrap,0,n_events_total
2016-11,Warrap,0,n_events_total
2016-12,Warrap,0,n_events_total
2017-01,Warrap,0,n_events_total
2017-02,Warrap,0,n_events_total
2017-03,Warrap,0,n_events_total
2017-04,Warrap,1,n_events_total
2017-05,Warrap,0,n_events_total
2017-06,Warrap,0,n_events_total
2017-07,Warrap,1,n_events_total
2017-08,Warrap,1,n_events_total
2017-09,Warrap,0,n_events_total
2017-10,Warrap,1,n_events_total
2017-11,Warrap,0,n_events_total
2017-12,Warrap,0,n_events_total
2018-01,Warrap,0,n_events_total
2018-02,Warrap,0,n_events_total
2018-03,Warrap,0,n_events_total
2018-04,Warrap,0,n_events_total
2018-05,Warrap,0,n_events_total
2018-06,Warrap,0,n_events_total
2018-07,Warrap,0,n_events_total
2018-08,Warrap,0,n_events_total
2018-09,Warrap,0,n_events_total
2018-10,Warrap,0,n_events_total
2018-11,Warrap,0,n_events_total
2018-12,Warrap,0,n_events_total
2019-01,Warrap,0,n_events_total
2019-02,Warrap,0,n_events_total
2019-03,Warrap,1,n_events_total
2019-04,Warrap,0,n_events_total
2019-05,Warrap,0,n_events_total
2019-06,Warrap,0,n_events_total
2019-07,Warrap,1,n_events_total
2019-08,Warrap,0,n_events_total
2019-09,Warrap,0,n_events_total
2019-10,Warrap,0,n_events_total
2019-11,Warrap,1,n_events_total
2019-12,Warrap,1,n_events_total
2020-01,Warrap,1,n_events_total
2020-02,Warrap,0,n_events_total
2020-03,Warrap,1,n_events_total
2020-04,Warrap,1,n_events_total
2020-05,Warrap,0,n_events_total
2020-06,Warrap,0,n_events_total
2020-07,Warrap,0,n_events_total
2020-08,Warrap,2,n_events_total
2020-09,Warrap,0,n_events_total
2020-10,Warrap,0,n_events_total
2020-11,Warrap,1,n_events_total
2020-12,Warrap,0,n_events_total
2021-01,Warrap,0,n_events_total
2021-02,Warrap,0,n_events_total
2021-03,Warrap,0,n_events_total
2021-04,Warrap,2,n_events_total
2021-05,Warrap,2,n_events_total
2021-06,Warrap,1,n_events_total
2021-07,Warrap,2,n_events_total
2021-08,Warrap,0,n_events_total
2021-09,Warrap,0,n_events_total
2021-10,Warrap,1,n_events_total
2021-11,Warrap,1,n_events_total
2021-12,Warrap,0,n_events_total
2022-01,Warrap,0,n_events_total
2022-02,Warrap,0,n_events_total
2022-03,Warrap,1,n_events_total
2022-04,Warrap,0,n_events_total
2022-05,Warrap,2,n_events_total
2022-06,Warrap,0,n_events_total
2022-07,Warrap,0,n_events_total
2022-08,Warrap,0,n_events_total
2022-09,Warrap,1,n_events_total
2022-10,Warrap,0,n_events_total
2022-11,Warrap,0,n_events_total
2022-12,Warrap,1,n_events_total
2023-01,Warrap,0,n_events_total
2023-02,Warrap,0,n_events_total
2023-03,Warrap,0,n_events_total
2023-04,Warrap,1,n_events_total
2023-05,Warrap,0,n_events_total
2023-06,Warrap,0,n_events_total
2023-07,Warrap,0,n_events_total
2023-08,Warrap,0,n_events_total
2023-09,Warrap,0,n_events_total
2023-10,Warrap,1,n_events_total
2023-11,Warrap,1,n_events_total
2023-12,Warrap,2,n_events_total
2024-01,Warrap,3,n_events_total
2024-02,Warrap,1,n_events_total
2024-03,Warrap,0,n_events_total
2024-04,Warrap,1,n_events_total
2024-05,Warrap,1,n_events_total
2024-06,Warrap,0,n_events_total
2024-07,Warrap,0,n_events_total
2024-08,Warrap,2,n_events_total
2024-09,Warrap,0,n_events_total
2024-10,Warrap,0,n_events_total
2024-11,Warrap,1,n_events_total
2024-12,Warrap,0,n_events_total
2025-01,Warrap,0,n_events_total
2025-02,Warrap,0,n_events_total
2025-03,Warrap,2,n_events_total
2025-04,Warrap,1,n_events_total
2025-05,Warrap,0,n_events_total
2025-06,Warrap,1,n_events_total
2025-07,Warrap,0,n_events_total
2025-08,Warrap,1,n_events_total
2025-09,Warrap,0,n_events_total
2025-10,Warrap,1,n_events_total
2025-11,Warrap,1,n_events_total
2025-12,Warrap,1,n_events_total
2014-03,Western Bahr el Ghazal,0,n_events_total
2014-04,Western Bahr el Ghazal,0,n_events_total
2014-05,Western Bahr el Ghazal,0,n_events_total
2014-07,Western Bahr el Ghazal,0,n_events_total
2014-11,Western Bahr el Ghazal,0,n_events_total
2014-12,Western Bahr el Ghazal,1,n_events_total
2015-01,Western Bahr el Ghazal,0,n_events_total
2015-02,Western Bahr el Ghazal,0,n_events_total
2015-03,Western Bahr el Ghazal,0,n_events_total
2015-04,Western Bahr el Ghazal,2,n_events_total
2015-05,Western Bahr el Ghazal,3,n_events_total
2015-06,Western Bahr el Ghazal,2,n_events_total
2015-07,Western Bahr el Ghazal,1,n_events_total
2015-08,Western Bahr el Ghazal,2,n_events_total
2015-09,Western Bahr el Ghazal,0,n_events_total
2015-10,Western Bahr el Ghazal,0,n_events_total
2015-11,Western Bahr el Ghazal,0,n_events_total
2015-12,Western Bahr el Ghazal,1,n_events_total
2016-01,Western Bahr el Ghazal,2,n_events_total
2016-02,Western Bahr el Ghazal,0,n_events_total
2016-03,Western Bahr el Ghazal,1,n_events_total
2016-04,Western Bahr el Ghazal,4,n_events_total
2016-05,Western Bahr el Ghazal,1,n_events_total
2016-06,Western Bahr el Ghazal,2,n_events_total
2016-07,Western Bahr el Ghazal,1,n_events_total
2016-08,Western Bahr el Ghazal,1,n_events_total
2016-09,Western Bahr el Ghazal,2,n_events_total
2016-10,Western Bahr el Ghazal,2,n_events_total
2016-11,Western Bahr el Ghazal,0,n_events_total
2016-12,Western Bahr el Ghazal,0,n_events_total
2017-01,Western Bahr el Ghazal,0,n_events_total
2017-02,Western Bahr el Ghazal,0,n_events_total
2017-03,Western Bahr el Ghazal,0,n_events_total
2017-04,Western Bahr el Ghazal,1,n_events_total
2017-05,Western Bahr el Ghazal,0,n_events_total
2017-06,Western Bahr el Ghazal,0,n_events_total
2017-07,Western Bahr el Ghazal,2,n_events_total
2017-08,Western Bahr el Ghazal,0,n_events_total
2017-09,Western Bahr el Ghazal,0,n_events_total
2017-10,Western Bahr el Ghazal,1,n_events_total
2017-11,Western Bahr el Ghazal,1,n_events_total
2017-12,Western Bahr el Ghazal,1,n_events_total
2018-01,Western Bahr el Ghazal,1,n_events_total
2018-02,Western Bahr el Ghazal,0,n_events_total
2018-03,Western Bahr el Ghazal,0,n_events_total
2018-04,Western Bahr el Ghazal,2,n_events_total
2018-05,Western Bahr el Ghazal,1,n_events_total
2018-06,Western Bahr el Ghazal,0,n_events_total
2018-07,Western Bahr el Ghazal,2,n_events_total
2018-08,Western Bahr el Ghazal,1,n_events_total
2018-09,Western Bahr el Ghazal,0,n_events_total
2018-10,Western Bahr el Ghazal,1,n_events_total
2018-11,Western Bahr el Ghazal,0,n_events_total
2018-12,Western Bahr el Ghazal,0,n_events_total
2019-01,Western Bahr el Ghazal,0,n_events_total
2019-02,Western Bahr el Ghazal,0,n_events_total
2019-03,Western Bahr el Ghazal,0,n_events_total
2019-04,Western Bahr el Ghazal,0,n_events_total
2019-05,Western Bahr el Ghazal,0,n_events_total
2019-06,Western Bahr el Ghazal,0,n_events_total
2019-07,Western Bahr el Ghazal,0,n_events_total
2019-08,Western Bahr el Ghazal,0,n_events_total
2019-09,Western Bahr el Ghazal,0,n_events_total
2019-10,Western Bahr el Ghazal,1,n_events_total
2019-11,Western Bahr el Ghazal,1,n_events_total
2019-12,Western Bahr el Ghazal,0,n_events_total
2020-01,Western Bahr el Ghazal,0,n_events_total
2020-02,Western Bahr el Ghazal,0,n_events_total
2020-03,Western Bahr el Ghazal,1,n_events_total
2020-04,Western Bahr el Ghazal,0,n_events_total
2020-05,Western Bahr el Ghazal,0,n_events_total
2020-06,Western Bahr el Ghazal,0,n_events_total
2020-07,Western Bahr el Ghazal,0,n_events_total
2020-08,Western Bahr el Ghazal,0,n_events_total
2020-09,Western Bahr el Ghazal,0,n_events_total
2020-10,Western Bahr el Ghazal,0,n_events_total
2020-11,Western Bahr el Ghazal,0,n_events_total
2020-12,Western Bahr el Ghazal,0,n_events_total
2021-01,Western Bahr el Ghazal,0,n_events_total
2021-02,Western Bahr el Ghazal,0,n_events_total
2021-03,Western Bahr el Ghazal,0,n_events_total
2021-04,Western Bahr el Ghazal,0,n_events_total
2021-05,Western Bahr el Ghazal,0,n_events_total
2021-06,Western Bahr el Ghazal,0,n_events_total
2021-07,Western Bahr el Ghazal,0,n_events_total
2021-08,Western Bahr el Ghazal,1,n_events_total
2021-09,Western Bahr el Ghazal,0,n_events_total
2021-10,Western Bahr el Ghazal,1,n_events_total
2021-11,Western Bahr el Ghazal,0,n_events_total
2021-12,Western Bahr el Ghazal,0,n_events_total
2022-01,Western Bahr el Ghazal,0,n_events_total
2022-02,Western Bahr el Ghazal,0,n_events_total
2022-03,Western Bahr el Ghazal,0,n_events_total
2022-04,Western Bahr el Ghazal,0,n_events_total
2022-05,Western Bahr el Ghazal,1,n_events_total
2022-06,Western Bahr el Ghazal,0,n_events_total
2022-07,Western Bahr el Ghazal,0,n_events_total
2022-08,Western Bahr el Ghazal,0,n_events_total
2022-09,Western Bahr el Ghazal,1,n_events_total
2022-10,Western Bahr el Ghazal,0,n_events_total
2022-11,Western Bahr el Ghazal,0,n_events_total
2022-12,Western Bahr el Ghazal,1,n_events_total
2023-01,Western Bahr el Ghazal,0,n_events_total
2023-02,Western Bahr el Ghazal,0,n_events_total
2023-03,Western Bahr el Ghazal,0,n_events_total
2023-04,Western Bahr el Ghazal,0,n_events_total
2023-05,Western Bahr el Ghazal,0,n_events_total
2023-06,Western Bahr el Ghazal,0,n_events_total
2023-07,Western Bahr el Ghazal,0,n_events_total
2023-08,Western Bahr el Ghazal,1,n_events_total
2023-09,Western Bahr el Ghazal,0,n_events_total
2023-10,Western Bahr el Ghazal,1,n_events_total
2023-11,Western Bahr el Ghazal,0,n_events_total
2023-12,Western Bahr el Ghazal,0,n_events_total
2024-01,Western Bahr el Ghazal,0,n_events_total
2024-02,Western Bahr el Ghazal,1,n_events_total
2024-03,Western Bahr el Ghazal,0,n_events_total
2024-04,Western Bahr el Ghazal,0,n_events_total
2024-05,Western Bahr el Ghazal,0,n_events_total
2024-06,Western Bahr el Ghazal,0,n_events_total
2024-07,Western Bahr el Ghazal,0,n_events_total
2024-08,Western Bahr el Ghazal,0,n_events_total
2024-09,Western Bahr el Ghazal,0,n_events_total
2024-10,Western Bahr el Ghazal,0,n_events_total
2024-11,Western Bahr el Ghazal,0,n_events_total
2024-12,Western Bahr el Ghazal,0,n_events_total
2025-01,Western Bahr el Ghazal,1,n_events_total
2025-02,Western Bahr el Ghazal,0,n_events_total
2025-03,Western Bahr el Ghazal,0,n_events_total
2025-04,Western Bahr el Ghazal,0,n_events_total
2025-05,Western Bahr el Ghazal,0,n_events_total
2025-06,Western Bahr el Ghazal,0,n_events_total
2025-07,Western Bahr el Ghazal,0,n_events_total
2025-08,Western Bahr el Ghazal,0,n_events_total
2025-09,Western Bahr el Ghazal,1,n_events_total
2025-10,Western Bahr el Ghazal,1,n_events_total
2025-11,Western Bahr el Ghazal,0,n_events_total
2025-12,Western Bahr el Ghazal,2,n_events_total
2014-03,Western Equatoria,0,n_events_total
2014-04,Western Equatoria,0,n_events_total
2014-05,Western Equatoria,0,n_events_total
2014-07,Western Equatoria,0,n_events_total
2014-11,Western Equatoria,0,n_events_total
2014-12,Western Equatoria,0,n_events_total
2015-01,Western Equatoria,0,n_events_total
2015-02,Western Equatoria,0,n_events_total
2015-03,Western Equatoria,0,n_events_total
2015-04,Western Equatoria,0,n_events_total
2015-05,Western Equatoria,2,n_events_total
2015-06,Western Equatoria,1,n_events_total
2015-07,Western Equatoria,2,n_events_total
2015-08,Western Equatoria,2,n_events_total
2015-09,Western Equatoria,2,n_events_total
2015-10,Western Equatoria,4,n_events_total
2015-11,Western Equatoria,1,n_events_total
2015-12,Western Equatoria,3,n_events_total
2016-01,Western Equatoria,2,n_events_total
2016-02,Western Equatoria,1,n_events_total
2016-03,Western Equatoria,1,n_events_total
2016-04,Western Equatoria,2,n_events_total
2016-05,Western Equatoria,1,n_events_total
2016-06,Western Equatoria,0,n_events_total
2016-07,Western Equatoria,2,n_events_total
2016-08,Western Equatoria,1,n_events_total
2016-09,Western Equatoria,1,n_events_total
2016-10,Western Equatoria,2,n_events_total
2016-11,Western Equatoria,1,n_events_total
2016-12,Western Equatoria,3,n_events_total
2017-01,Western Equatoria,1,n_events_total
2017-02,Western Equatoria,0,n_events_total
2017-03,Western Equatoria,1,n_events_total
2017-04,Western Equatoria,1,n_events_total
2017-05,Western Equatoria,0,n_events_total
2017-06,Western Equatoria,0,n_events_total
2017-07,Western Equatoria,0,n_events_total
2017-08,Western Equatoria,0,n_events_total
2017-09,Western Equatoria,2,n_events_total
2017-10,Western Equatoria,0,n_events_total
2017-11,Western Equatoria,1,n_events_total
2017-12,Western Equatoria,0,n_events_total
2018-01,Western Equatoria,2,n_events_total
2018-02,Western Equatoria,0,n_events_total
2018-03,Western Equatoria,1,n_events_total
2018-04,Western Equatoria,0,n_events_total
2018-05,Western Equatoria,0,n_events_total
2018-06,Western Equatoria,0,n_events_total
2018-07,Western Equatoria,1,n_events_total
2018-08,Western Equatoria,0,n_events_total
2018-09,Western Equatoria,0,n_events_total
2018-10,Western Equatoria,0,n_events_total
2018-11,Western Equatoria,0,n_events_total
2018-12,Western Equatoria,1,n_events_total
2019-01,Western Equatoria,0,n_events_total
2019-02,Western Equatoria,0,n_events_total
2019-03,Western Equatoria,0,n_events_total
2019-04,Western Equatoria,0,n_events_total
2019-05,Western Equatoria,0,n_events_total
2019-06,Western Equatoria,0,n_events_total
2019-07,Western Equatoria,0,n_events_total
2019-08,Western Equatoria,0,n_events_total
2019-09,Western Equatoria,0,n_events_total
2019-10,Western Equatoria,0,n_events_total
2019-11,Western Equatoria,0,n_events_total
2019-12,Western Equatoria,0,n_events_total
2020-01,Western Equatoria,0,n_events_total
2020-02,Western Equatoria,1,n_events_total
2020-03,Western Equatoria,0,n_events_total
2020-04,Western Equatoria,0,n_events_total
2020-05,Western Equatoria,0,n_events_total
2020-06,Western Equatoria,0,n_events_total
2020-07,Western Equatoria,0,n_events_total
2020-08,Western Equatoria,1,n_events_total
2020-09,Western Equatoria,0,n_events_total
2020-10,Western Equatoria,0,n_events_total
2020-11,Western Equatoria,0,n_events_total
2020-12,Western Equatoria,0,n_events_total
2021-01,Western Equatoria,0,n_events_total
2021-02,Western Equatoria,0,n_events_total
2021-03,Western Equatoria,0,n_events_total
2021-04,Western Equatoria,0,n_events_total
2021-05,Western Equatoria,0,n_events_total
2021-06,Western Equatoria,0,n_events_total
2021-07,Western Equatoria,0,n_events_total
2021-08,Western Equatoria,0,n_events_total
2021-09,Western Equatoria,1,n_events_total
2021-10,Western Equatoria,1,n_events_total
2021-11,Western Equatoria,0,n_events_total
2021-12,Western Equatoria,0,n_events_total
2022-01,Western Equatoria,0,n_events_total
2022-02,Western Equatoria,0,n_events_total
2022-03,Western Equatoria,0,n_events_total
2022-04,Western Equatoria,1,n_events_total
2022-05,Western Equatoria,0,n_events_total
2022-06,Western Equatoria,0,n_events_total
2022-07,Western Equatoria,0,n_events_total
2022-08,Western Equatoria,1,n_events_total
2022-09,Western Equatoria,0,n_events_total
2022-10,Western Equatoria,1,n_events_total
2022-11,Western Equatoria,0,n_events_total
2022-12,Western Equatoria,1,n_events_total
2023-01,Western Equatoria,1,n_events_total
2023-02,Western Equatoria,1,n_events_total
2023-03,Western Equatoria,0,n_events_total
2023-04,Western Equatoria,1,n_events_total
2023-05,Western Equatoria,0,n_events_total
2023-06,Western Equatoria,0,n_events_total
2023-07,Western Equatoria,0,n_events_total
2023-08,Western Equatoria,1,n_events_total
2023-09,Western Equatoria,1,n_events_total
2023-10,Western Equatoria,0,n_events_total
2023-11,Western Equatoria,0,n_events_total
2023-12,Western Equatoria,0,n_events_total
2024-01,Western Equatoria,0,n_events_total
2024-02,Western Equatoria,0,n_events_total
2024-03,Western Equatoria,0,n_events_total
2024-04,Western Equatoria,0,n_events_total
2024-05,Western Equatoria,2,n_events_total
2024-06,Western Equatoria,0,n_events_total
2024-07,Western Equatoria,0,n_events_total
2024-08,Western Equatoria,2,n_events_total
2024-09,Western Equatoria,0,n_events_total
2024-10,Western Equatoria,0,n_events_total
2024-11,Western Equatoria,0,n_events_total
2024-12,Western Equatoria,1,n_events_total
2025-01,Western Equatoria,0,n_events_total
2025-02,Western Equatoria,2,n_events_total
2025-03,Western Equatoria,1,n_events_total
2025-04,Western Equatoria,1,n_events_total
2025-05,Western Equatoria,3,n_events_total
2025-06,Western Equatoria,0,n_events_total
2025-07,Western Equatoria,1,n_events_total
2025-08,Western Equatoria,1,n_events_total
2025-09,Western Equatoria,1,n_events_total
2025-10,Western Equatoria,0,n_events_total
2025-11,Western Equatoria,2,n_events_total
2025-12,Western Equatoria,0,n_events_total
2014-03,Central Equatoria,1,n_fatality_proxy
2014-04,Central Equatoria,1,n_fatality_proxy
2014-05,Central Equatoria,3,n_fatality_proxy
2014-07,Central Equatoria,1,n_fatality_proxy
2014-11,Central Equatoria,1,n_fatality_proxy
2014-12,Central Equatoria,2,n_fatality_proxy
2015-01,Central Equatoria,1,n_fatality_proxy
2015-02,Central Equatoria,6,n_fatality_proxy
2015-03,Central Equatoria,6,n_fatality_proxy
2015-04,Central Equatoria,6,n_fatality_proxy
2015-05,Central Equatoria,6,n_fatality_proxy
2015-06,Central Equatoria,6,n_fatality_proxy
2015-07,Central Equatoria,6,n_fatality_proxy
2015-08,Central Equatoria,6,n_fatality_proxy
2015-09,Central Equatoria,6,n_fatality_proxy
2015-10,Central Equatoria,6,n_fatality_proxy
2015-11,Central Equatoria,6,n_fatality_proxy
2015-12,Central Equatoria,6,n_fatality_proxy
2016-01,Central Equatoria,6,n_fatality_proxy
2016-02,Central Equatoria,6,n_fatality_proxy
2016-03,Central Equatoria,6,n_fatality_proxy
2016-04,Central Equatoria,6,n_fatality_proxy
2016-05,Central Equatoria,6,n_fatality_proxy
2016-06,Central Equatoria,6,n_fatality_proxy
2016-07,Central Equatoria,6,n_fatality_proxy
2016-08,Central Equatoria,6,n_fatality_proxy
2016-09,Central Equatoria,6,n_fatality_proxy
2016-10,Central Equatoria,6,n_fatality_proxy
2016-11,Central Equatoria,6,n_fatality_proxy
2016-12,Central Equatoria,6,n_fatality_proxy
2017-01,Central Equatoria,6,n_fatality_proxy
2017-02,Central Equatoria,6,n_fatality_proxy
2017-03,Central Equatoria,6,n_fatality_proxy
2017-04,Central Equatoria,6,n_fatality_proxy
2017-05,Central Equatoria,6,n_fatality_proxy
2017-06,Central Equatoria,6,n_fatality_proxy
2017-07,Central Equatoria,6,n_fatality_proxy
2017-08,Central Equatoria,6,n_fatality_proxy
2017-09,Central Equatoria,6,n_fatality_proxy
2017-10,Central Equatoria,6,n_fatality_proxy
2017-11,Central Equatoria,6,n_fatality_proxy
2017-12,Central Equatoria,5,n_fatality_proxy
2018-01,Central Equatoria,5,n_fatality_proxy
2018-02,Central Equatoria,5,n_fatality_proxy
2018-03,Central Equatoria,5,n_fatality_proxy
2018-04,Central Equatoria,6,n_fatality_proxy
2018-05,Central Equatoria,5,n_fatality_proxy
2018-06,Central Equatoria,6,n_fatality_proxy
2018-07,Central Equatoria,5,n_fatality_proxy
2018-08,Central Equatoria,6,n_fatality_proxy
2018-09,Central Equatoria,6,n_fatality_proxy
2018-10,Central Equatoria,5,n_fatality_proxy
2018-11,Central Equatoria,6,n_fatality_proxy
2018-12,Central Equatoria,6,n_fatality_proxy
2019-01,Central Equatoria,5,n_fatality_proxy
2019-02,Central Equatoria,5,n_fatality_proxy
2019-03,Central Equatoria,4,n_fatality_proxy
2019-04,Central Equatoria,4,n_fatality_proxy
2019-05,Central Equatoria,4,n_fatality_proxy
2019-06,Central Equatoria,4,n_fatality_proxy
2019-07,Central Equatoria,4,n_fatality_proxy
2019-08,Central Equatoria,4,n_fatality_proxy
2019-09,Central Equatoria,3,n_fatality_proxy
2019-10,Central Equatoria,4,n_fatality_proxy
2019-11,Central Equatoria,4,n_fatality_proxy
2019-12,Central Equatoria,4,n_fatality_proxy
2020-01,Central Equatoria,4,n_fatality_proxy
2020-02,Central Equatoria,5,n_fatality_proxy
2020-03,Central Equatoria,4,n_fatality_proxy
2020-04,Central Equatoria,4,n_fatality_proxy
2020-05,Central Equatoria,5,n_fatality_proxy
2020-06,Central Equatoria,4,n_fatality_proxy
2020-07,Central Equatoria,3,n_fatality_proxy
2020-08,Central Equatoria,5,n_fatality_proxy
2020-09,Central Equatoria,4,n_fatality_proxy
2020-10,Central Equatoria,4,n_fatality_proxy
2020-11,Central Equatoria,5,n_fatality_proxy
2020-12,Central Equatoria,4,n_fatality_proxy
2021-01,Central Equatoria,4,n_fatality_proxy
2021-02,Central Equatoria,4,n_fatality_proxy
2021-03,Central Equatoria,6,n_fatality_proxy
2021-04,Central Equatoria,5,n_fatality_proxy
2021-05,Central Equatoria,6,n_fatality_proxy
2021-06,Central Equatoria,5,n_fatality_proxy
2021-07,Central Equatoria,5,n_fatality_proxy
2021-08,Central Equatoria,5,n_fatality_proxy
2021-09,Central Equatoria,5,n_fatality_proxy
2021-10,Central Equatoria,4,n_fatality_proxy
2021-11,Central Equatoria,4,n_fatality_proxy
2021-12,Central Equatoria,5,n_fatality_proxy
2022-01,Central Equatoria,4,n_fatality_proxy
2022-02,Central Equatoria,4,n_fatality_proxy
2022-03,Central Equatoria,5,n_fatality_proxy
2022-04,Central Equatoria,4,n_fatality_proxy
2022-05,Central Equatoria,4,n_fatality_proxy
2022-06,Central Equatoria,4,n_fatality_proxy
2022-07,Central Equatoria,3,n_fatality_proxy
2022-08,Central Equatoria,4,n_fatality_proxy
2022-09,Central Equatoria,3,n_fatality_proxy
2022-10,Central Equatoria,4,n_fatality_proxy
2022-11,Central Equatoria,4,n_fatality_proxy
2022-12,Central Equatoria,5,n_fatality_proxy
2023-01,Central Equatoria,4,n_fatality_proxy
2023-02,Central Equatoria,4,n_fatality_proxy
2023-03,Central Equatoria,4,n_fatality_proxy
2023-04,Central Equatoria,4,n_fatality_proxy
2023-05,Central Equatoria,5,n_fatality_proxy
2023-06,Central Equatoria,4,n_fatality_proxy
2023-07,Central Equatoria,3,n_fatality_proxy
2023-08,Central Equatoria,5,n_fatality_proxy
2023-09,Central Equatoria,5,n_fatality_proxy
2023-10,Central Equatoria,4,n_fatality_proxy
2023-11,Central Equatoria,4,n_fatality_proxy
2023-12,Central Equatoria,4,n_fatality_proxy
2024-01,Central Equatoria,4,n_fatality_proxy
2024-02,Central Equatoria,3,n_fatality_proxy
2024-03,Central Equatoria,3,n_fatality_proxy
2024-04,Central Equatoria,4,n_fatality_proxy
2024-05,Central Equatoria,5,n_fatality_proxy
2024-06,Central Equatoria,4,n_fatality_proxy
2024-07,Central Equatoria,3,n_fatality_proxy
2024-08,Central Equatoria,4,n_fatality_proxy
2024-09,Central Equatoria,3,n_fatality_proxy
2024-10,Central Equatoria,4,n_fatality_proxy
2024-11,Central Equatoria,4,n_fatality_proxy
2024-12,Central Equatoria,4,n_fatality_proxy
2025-01,Central Equatoria,5,n_fatality_proxy
2025-02,Central Equatoria,4,n_fatality_proxy
2025-03,Central Equatoria,4,n_fatality_proxy
2025-04,Central Equatoria,4,n_fatality_proxy
2025-05,Central Equatoria,4,n_fatality_proxy
2025-06,Central Equatoria,4,n_fatality_proxy
2025-07,Central Equatoria,4,n_fatality_proxy
2025-08,Central Equatoria,3,n_fatality_proxy
2025-09,Central Equatoria,4,n_fatality_proxy
2025-10,Central Equatoria,2,n_fatality_proxy
2025-11,Central Equatoria,3,n_fatality_proxy
2025-12,Central Equatoria,4,n_fatality_proxy
2014-03,Eastern Equatoria,1,n_fatality_proxy
2014-04,Eastern Equatoria,1,n_fatality_proxy
2014-05,Eastern Equatoria,3,n_fatality_proxy
2014-07,Eastern Equatoria,1,n_fatality_proxy
2014-11,Eastern Equatoria,1,n_fatality_proxy
2014-12,Eastern Equatoria,2,n_fatality_proxy
2015-01,Eastern Equatoria,1,n_fatality_proxy
2015-02,Eastern Equatoria,6,n_fatality_proxy
2015-03,Eastern Equatoria,6,n_fatality_proxy
2015-04,Eastern Equatoria,6,n_fatality_proxy
2015-05,Eastern Equatoria,6,n_fatality_proxy
2015-06,Eastern Equatoria,6,n_fatality_proxy
2015-07,Eastern Equatoria,6,n_fatality_proxy
2015-08,Eastern Equatoria,6,n_fatality_proxy
2015-09,Eastern Equatoria,6,n_fatality_proxy
2015-10,Eastern Equatoria,6,n_fatality_proxy
2015-11,Eastern Equatoria,6,n_fatality_proxy
2015-12,Eastern Equatoria,6,n_fatality_proxy
2016-01,Eastern Equatoria,6,n_fatality_proxy
2016-02,Eastern Equatoria,6,n_fatality_proxy
2016-03,Eastern Equatoria,6,n_fatality_proxy
2016-04,Eastern Equatoria,6,n_fatality_proxy
2016-05,Eastern Equatoria,6,n_fatality_proxy
2016-06,Eastern Equatoria,6,n_fatality_proxy
2016-07,Eastern Equatoria,6,n_fatality_proxy
2016-08,Eastern Equatoria,6,n_fatality_proxy
2016-09,Eastern Equatoria,6,n_fatality_proxy
2016-10,Eastern Equatoria,6,n_fatality_proxy
2016-11,Eastern Equatoria,6,n_fatality_proxy
2016-12,Eastern Equatoria,6,n_fatality_proxy
2017-01,Eastern Equatoria,6,n_fatality_proxy
2017-02,Eastern Equatoria,6,n_fatality_proxy
2017-03,Eastern Equatoria,6,n_fatality_proxy
2017-04,Eastern Equatoria,6,n_fatality_proxy
2017-05,Eastern Equatoria,6,n_fatality_proxy
2017-06,Eastern Equatoria,6,n_fatality_proxy
2017-07,Eastern Equatoria,6,n_fatality_proxy
2017-08,Eastern Equatoria,6,n_fatality_proxy
2017-09,Eastern Equatoria,6,n_fatality_proxy
2017-10,Eastern Equatoria,6,n_fatality_proxy
2017-11,Eastern Equatoria,6,n_fatality_proxy
2017-12,Eastern Equatoria,5,n_fatality_proxy
2018-01,Eastern Equatoria,5,n_fatality_proxy
2018-02,Eastern Equatoria,5,n_fatality_proxy
2018-03,Eastern Equatoria,5,n_fatality_proxy
2018-04,Eastern Equatoria,6,n_fatality_proxy
2018-05,Eastern Equatoria,5,n_fatality_proxy
2018-06,Eastern Equatoria,6,n_fatality_proxy
2018-07,Eastern Equatoria,5,n_fatality_proxy
2018-08,Eastern Equatoria,6,n_fatality_proxy
2018-09,Eastern Equatoria,6,n_fatality_proxy
2018-10,Eastern Equatoria,5,n_fatality_proxy
2018-11,Eastern Equatoria,6,n_fatality_proxy
2018-12,Eastern Equatoria,6,n_fatality_proxy
2019-01,Eastern Equatoria,5,n_fatality_proxy
2019-02,Eastern Equatoria,5,n_fatality_proxy
2019-03,Eastern Equatoria,4,n_fatality_proxy
2019-04,Eastern Equatoria,4,n_fatality_proxy
2019-05,Eastern Equatoria,4,n_fatality_proxy
2019-06,Eastern Equatoria,4,n_fatality_proxy
2019-07,Eastern Equatoria,4,n_fatality_proxy
2019-08,Eastern Equatoria,4,n_fatality_proxy
2019-09,Eastern Equatoria,3,n_fatality_proxy
2019-10,Eastern Equatoria,4,n_fatality_proxy
2019-11,Eastern Equatoria,4,n_fatality_proxy
2019-12,Eastern Equatoria,4,n_fatality_proxy
2020-01,Eastern Equatoria,4,n_fatality_proxy
2020-02,Eastern Equatoria,5,n_fatality_proxy
2020-03,Eastern Equatoria,4,n_fatality_proxy
2020-04,Eastern Equatoria,4,n_fatality_proxy
2020-05,Eastern Equatoria,5,n_fatality_proxy
2020-06,Eastern Equatoria,4,n_fatality_proxy
2020-07,Eastern Equatoria,3,n_fatality_proxy
2020-08,Eastern Equatoria,5,n_fatality_proxy
2020-09,Eastern Equatoria,4,n_fatality_proxy
2020-10,Eastern Equatoria,4,n_fatality_proxy
2020-11,Eastern Equatoria,5,n_fatality_proxy
2020-12,Eastern Equatoria,4,n_fatality_proxy
2021-01,Eastern Equatoria,4,n_fatality_proxy
2021-02,Eastern Equatoria,4,n_fatality_proxy
2021-03,Eastern Equatoria,6,n_fatality_proxy
2021-04,Eastern Equatoria,5,n_fatality_proxy
2021-05,Eastern Equatoria,6,n_fatality_proxy
2021-06,Eastern Equatoria,5,n_fatality_proxy
2021-07,Eastern Equatoria,5,n_fatality_proxy
2021-08,Eastern Equatoria,5,n_fatality_proxy
2021-09,Eastern Equatoria,5,n_fatality_proxy
2021-10,Eastern Equatoria,4,n_fatality_proxy
2021-11,Eastern Equatoria,4,n_fatality_proxy
2021-12,Eastern Equatoria,5,n_fatality_proxy
2022-01,Eastern Equatoria,4,n_fatality_proxy
2022-02,Eastern Equatoria,4,n_fatality_proxy
2022-03,Eastern Equatoria,5,n_fatality_proxy
2022-04,Eastern Equatoria,4,n_fatality_proxy
2022-05,Eastern Equatoria,4,n_fatality_proxy
2022-06,Eastern Equatoria,4,n_fatality_proxy
2022-07,Eastern Equatoria,3,n_fatality_proxy
2022-08,Eastern Equatoria,4,n_fatality_proxy
2022-09,Eastern Equatoria,3,n_fatality_proxy
2022-10,Eastern Equatoria,4,n_fatality_proxy
2022-11,Eastern Equatoria,4,n_fatality_proxy
2022-12,Eastern Equatoria,5,n_fatality_proxy
2023-01,Eastern Equatoria,4,n_fatality_proxy
2023-02,Eastern Equatoria,4,n_fatality_proxy
2023-03,Eastern Equatoria,4,n_fatality_proxy
2023-04,Eastern Equatoria,4,n_fatality_proxy
2023-05,Eastern Equatoria,5,n_fatality_proxy
2023-06,Eastern Equatoria,4,n_fatality_proxy
2023-07,Eastern Equatoria,3,n_fatality_proxy
2023-08,Eastern Equatoria,5,n_fatality_proxy
2023-09,Eastern Equatoria,5,n_fatality_proxy
2023-10,Eastern Equatoria,4,n_fatality_proxy
2023-11,Eastern Equatoria,4,n_fatality_proxy
2023-12,Eastern Equatoria,4,n_fatality_proxy
2024-01,Eastern Equatoria,4,n_fatality_proxy
2024-02,Eastern Equatoria,3,n_fatality_proxy
2024-03,Eastern Equatoria,3,n_fatality_proxy
2024-04,Eastern Equatoria,4,n_fatality_proxy
2024-05,Eastern Equatoria,5,n_fatality_proxy
2024-06,Eastern Equatoria,4,n_fatality_proxy
2024-07,Eastern Equatoria,3,n_fatality_proxy
2024-08,Eastern Equatoria,4,n_fatality_proxy
2024-09,Eastern Equatoria,3,n_fatality_proxy
2024-10,Eastern Equatoria,4,n_fatality_proxy
2024-11,Eastern Equatoria,4,n_fatality_proxy
2024-12,Eastern Equatoria,4,n_fatality_proxy
2025-01,Eastern Equatoria,5,n_fatality_proxy
2025-02,Eastern Equatoria,4,n_fatality_proxy
2025-03,Eastern Equatoria,4,n_fatality_proxy
2025-04,Eastern Equatoria,4,n_fatality_proxy
2025-05,Eastern Equatoria,4,n_fatality_proxy
2025-06,Eastern Equatoria,4,n_fatality_proxy
2025-07,Eastern Equatoria,4,n_fatality_proxy
2025-08,Eastern Equatoria,3,n_fatality_proxy
2025-09,Eastern Equatoria,4,n_fatality_proxy
2025-10,Eastern Equatoria,2,n_fatality_proxy
2025-11,Eastern Equatoria,3,n_fatality_proxy
2025-12,Eastern Equatoria,4,n_fatality_proxy
2014-03,Jonglei,1,n_fatality_proxy
2014-04,Jonglei,1,n_fatality_proxy
2014-05,Jonglei,3,n_fatality_proxy
2014-07,Jonglei,1,n_fatality_proxy
2014-11,Jonglei,1,n_fatality_proxy
2014-12,Jonglei,2,n_fatality_proxy
2015-01,Jonglei,1,n_fatality_proxy
2015-02,Jonglei,6,n_fatality_proxy
2015-03,Jonglei,6,n_fatality_proxy
2015-04,Jonglei,6,n_fatality_proxy
2015-05,Jonglei,6,n_fatality_proxy
2015-06,Jonglei,6,n_fatality_proxy
2015-07,Jonglei,6,n_fatality_proxy
2015-08,Jonglei,6,n_fatality_proxy
2015-09,Jonglei,6,n_fatality_proxy
2015-10,Jonglei,6,n_fatality_proxy
2015-11,Jonglei,6,n_fatality_proxy
2015-12,Jonglei,6,n_fatality_proxy
2016-01,Jonglei,6,n_fatality_proxy
2016-02,Jonglei,6,n_fatality_proxy
2016-03,Jonglei,6,n_fatality_proxy
2016-04,Jonglei,6,n_fatality_proxy
2016-05,Jonglei,6,n_fatality_proxy
2016-06,Jonglei,6,n_fatality_proxy
2016-07,Jonglei,6,n_fatality_proxy
2016-08,Jonglei,6,n_fatality_proxy
2016-09,Jonglei,6,n_fatality_proxy
2016-10,Jonglei,6,n_fatality_proxy
2016-11,Jonglei,6,n_fatality_proxy
2016-12,Jonglei,6,n_fatality_proxy
2017-01,Jonglei,6,n_fatality_proxy
2017-02,Jonglei,6,n_fatality_proxy
2017-03,Jonglei,6,n_fatality_proxy
2017-04,Jonglei,6,n_fatality_proxy
2017-05,Jonglei,6,n_fatality_proxy
2017-06,Jonglei,6,n_fatality_proxy
2017-07,Jonglei,6,n_fatality_proxy
2017-08,Jonglei,6,n_fatality_proxy
2017-09,Jonglei,6,n_fatality_proxy
2017-10,Jonglei,6,n_fatality_proxy
2017-11,Jonglei,6,n_fatality_proxy
2017-12,Jonglei,5,n_fatality_proxy
2018-01,Jonglei,5,n_fatality_proxy
2018-02,Jonglei,5,n_fatality_proxy
2018-03,Jonglei,5,n_fatality_proxy
2018-04,Jonglei,6,n_fatality_proxy
2018-05,Jonglei,5,n_fatality_proxy
2018-06,Jonglei,6,n_fatality_proxy
2018-07,Jonglei,5,n_fatality_proxy
2018-08,Jonglei,6,n_fatality_proxy
2018-09,Jonglei,6,n_fatality_proxy
2018-10,Jonglei,5,n_fatality_proxy
2018-11,Jonglei,6,n_fatality_proxy
2018-12,Jonglei,6,n_fatality_proxy
2019-01,Jonglei,5,n_fatality_proxy
2019-02,Jonglei,5,n_fatality_proxy
2019-03,Jonglei,4,n_fatality_proxy
2019-04,Jonglei,4,n_fatality_proxy
2019-05,Jonglei,4,n_fatality_proxy
2019-06,Jonglei,4,n_fatality_proxy
2019-07,Jonglei,4,n_fatality_proxy
2019-08,Jonglei,4,n_fatality_proxy
2019-09,Jonglei,3,n_fatality_proxy
2019-10,Jonglei,4,n_fatality_proxy
2019-11,Jonglei,4,n_fatality_proxy
2019-12,Jonglei,4,n_fatality_proxy
2020-01,Jonglei,4,n_fatality_proxy
2020-02,Jonglei,5,n_fatality_proxy
2020-03,Jonglei,4,n_fatality_proxy
2020-04,Jonglei,4,n_fatality_proxy
2020-05,Jonglei,5,n_fatality_proxy
2020-06,Jonglei,4,n_fatality_proxy
2020-07,Jonglei,3,n_fatality_proxy
2020-08,Jonglei,5,n_fatality_proxy
2020-09,Jonglei,4,n_fatality_proxy
2020-10,Jonglei,4,n_fatality_proxy
2020-11,Jonglei,5,n_fatality_proxy
2020-12,Jonglei,4,n_fatality_proxy
2021-01,Jonglei,4,n_fatality_proxy
2021-02,Jonglei,4,n_fatality_proxy
2021-03,Jonglei,6,n_fatality_proxy
2021-04,Jonglei,5,n_fatality_proxy
2021-05,Jonglei,6,n_fatality_proxy
2021-06,Jonglei,5,n_fatality_proxy
2021-07,Jonglei,5,n_fatality_proxy
2021-08,Jonglei,5,n_fatality_proxy
2021-09,Jonglei,5,n_fatality_proxy
2021-10,Jonglei,4,n_fatality_proxy
2021-11,Jonglei,4,n_fatality_proxy
2021-12,Jonglei,5,n_fatality_proxy
2022-01,Jonglei,4,n_fatality_proxy
2022-02,Jonglei,4,n_fatality_proxy
2022-03,Jonglei,5,n_fatality_proxy
2022-04,Jonglei,4,n_fatality_proxy
2022-05,Jonglei,4,n_fatality_proxy
2022-06,Jonglei,4,n_fatality_proxy
2022-07,Jonglei,3,n_fatality_proxy
2022-08,Jonglei,4,n_fatality_proxy
2022-09,Jonglei,3,n_fatality_proxy
2022-10,Jonglei,4,n_fatality_proxy
2022-11,Jonglei,4,n_fatality_proxy
2022-12,Jonglei,5,n_fatality_proxy
2023-01,Jonglei,4,n_fatality_proxy
2023-02,Jonglei,4,n_fatality_proxy
2023-03,Jonglei,4,n_fatality_proxy
2023-04,Jonglei,4,n_fatality_proxy
2023-05,Jonglei,5,n_fatality_proxy
2023-06,Jonglei,4,n_fatality_proxy
2023-07,Jonglei,3,n_fatality_proxy
2023-08,Jonglei,5,n_fatality_proxy
2023-09,Jonglei,5,n_fatality_proxy
2023-10,Jonglei,4,n_fatality_proxy
2023-11,Jonglei,4,n_fatality_proxy
2023-12,Jonglei,4,n_fatality_proxy
2024-01,Jonglei,4,n_fatality_proxy
2024-02,Jonglei,3,n_fatality_proxy
2024-03,Jonglei,3,n_fatality_proxy
2024-04,Jonglei,4,n_fatality_proxy
2024-05,Jonglei,5,n_fatality_proxy
2024-06,Jonglei,4,n_fatality_proxy
2024-07,Jonglei,3,n_fatality_proxy
2024-08,Jonglei,4,n_fatality_proxy
2024-09,Jonglei,3,n_fatality_proxy
2024-10,Jonglei,4,n_fatality_proxy
2024-11,Jonglei,4,n_fatality_proxy
2024-12,Jonglei,4,n_fatality_proxy
2025-01,Jonglei,5,n_fatality_proxy
2025-02,Jonglei,4,n_fatality_proxy
2025-03,Jonglei,4,n_fatality_proxy
2025-04,Jonglei,4,n_fatality_proxy
2025-05,Jonglei,4,n_fatality_proxy
2025-06,Jonglei,4,n_fatality_proxy
2025-07,Jonglei,4,n_fatality_proxy
2025-08,Jonglei,3,n_fatality_proxy
2025-09,Jonglei,4,n_fatality_proxy
2025-10,Jonglei,2,n_fatality_proxy
2025-11,Jonglei,3,n_fatality_proxy
2025-12,Jonglei,4,n_fatality_proxy
2014-03,Lakes,1,n_fatality_proxy
2014-04,Lakes,1,n_fatality_proxy
2014-05,Lakes,3,n_fatality_proxy
2014-07,Lakes,1,n_fatality_proxy
2014-11,Lakes,1,n_fatality_proxy
2014-12,Lakes,2,n_fatality_proxy
2015-01,Lakes,1,n_fatality_proxy
2015-02,Lakes,6,n_fatality_proxy
2015-03,Lakes,6,n_fatality_proxy
2015-04,Lakes,6,n_fatality_proxy
2015-05,Lakes,6,n_fatality_proxy
2015-06,Lakes,6,n_fatality_proxy
2015-07,Lakes,6,n_fatality_proxy
2015-08,Lakes,6,n_fatality_proxy
2015-09,Lakes,6,n_fatality_proxy
2015-10,Lakes,6,n_fatality_proxy
2015-11,Lakes,6,n_fatality_proxy
2015-12,Lakes,6,n_fatality_proxy
2016-01,Lakes,6,n_fatality_proxy
2016-02,Lakes,6,n_fatality_proxy
2016-03,Lakes,6,n_fatality_proxy
2016-04,Lakes,6,n_fatality_proxy
2016-05,Lakes,6,n_fatality_proxy
2016-06,Lakes,6,n_fatality_proxy
2016-07,Lakes,6,n_fatality_proxy
2016-08,Lakes,6,n_fatality_proxy
2016-09,Lakes,6,n_fatality_proxy
2016-10,Lakes,6,n_fatality_proxy
2016-11,Lakes,6,n_fatality_proxy
2016-12,Lakes,6,n_fatality_proxy
2017-01,Lakes,6,n_fatality_proxy
2017-02,Lakes,6,n_fatality_proxy
2017-03,Lakes,6,n_fatality_proxy
2017-04,Lakes,6,n_fatality_proxy
2017-05,Lakes,6,n_fatality_proxy
2017-06,Lakes,6,n_fatality_proxy
2017-07,Lakes,6,n_fatality_proxy
2017-08,Lakes,6,n_fatality_proxy
2017-09,Lakes,6,n_fatality_proxy
2017-10,Lakes,6,n_fatality_proxy
2017-11,Lakes,6,n_fatality_proxy
2017-12,Lakes,5,n_fatality_proxy
2018-01,Lakes,5,n_fatality_proxy
2018-02,Lakes,5,n_fatality_proxy
2018-03,Lakes,5,n_fatality_proxy
2018-04,Lakes,6,n_fatality_proxy
2018-05,Lakes,5,n_fatality_proxy
2018-06,Lakes,6,n_fatality_proxy
2018-07,Lakes,5,n_fatality_proxy
2018-08,Lakes,6,n_fatality_proxy
2018-09,Lakes,6,n_fatality_proxy
2018-10,Lakes,5,n_fatality_proxy
2018-11,Lakes,6,n_fatality_proxy
2018-12,Lakes,6,n_fatality_proxy
2019-01,Lakes,5,n_fatality_proxy
2019-02,Lakes,5,n_fatality_proxy
2019-03,Lakes,4,n_fatality_proxy
2019-04,Lakes,4,n_fatality_proxy
2019-05,Lakes,4,n_fatality_proxy
2019-06,Lakes,4,n_fatality_proxy
2019-07,Lakes,4,n_fatality_proxy
2019-08,Lakes,4,n_fatality_proxy
2019-09,Lakes,3,n_fatality_proxy
2019-10,Lakes,4,n_fatality_proxy
2019-11,Lakes,4,n_fatality_proxy
2019-12,Lakes,4,n_fatality_proxy
2020-01,Lakes,4,n_fatality_proxy
2020-02,Lakes,5,n_fatality_proxy
2020-03,Lakes,4,n_fatality_proxy
2020-04,Lakes,4,n_fatality_proxy
2020-05,Lakes,5,n_fatality_proxy
2020-06,Lakes,4,n_fatality_proxy
2020-07,Lakes,3,n_fatality_proxy
2020-08,Lakes,5,n_fatality_proxy
2020-09,Lakes,4,n_fatality_proxy
2020-10,Lakes,4,n_fatality_proxy
2020-11,Lakes,5,n_fatality_proxy
2020-12,Lakes,4,n_fatality_proxy
2021-01,Lakes,4,n_fatality_proxy
2021-02,Lakes,4,n_fatality_proxy
2021-03,Lakes,6,n_fatality_proxy
2021-04,Lakes,5,n_fatality_proxy
2021-05,Lakes,6,n_fatality_proxy
2021-06,Lakes,5,n_fatality_proxy
2021-07,Lakes,5,n_fatality_proxy
2021-08,Lakes,5,n_fatality_proxy
2021-09,Lakes,5,n_fatality_proxy
2021-10,Lakes,4,n_fatality_proxy
2021-11,Lakes,4,n_fatality_proxy
2021-12,Lakes,5,n_fatality_proxy
2022-01,Lakes,4,n_fatality_proxy
2022-02,Lakes,4,n_fatality_proxy
2022-03,Lakes,5,n_fatality_proxy
2022-04,Lakes,4,n_fatality_proxy
2022-05,Lakes,4,n_fatality_proxy
2022-06,Lakes,4,n_fatality_proxy
2022-07,Lakes,3,n_fatality_proxy
2022-08,Lakes,4,n_fatality_proxy
2022-09,Lakes,3,n_fatality_proxy
2022-10,Lakes,4,n_fatality_proxy
2022-11,Lakes,4,n_fatality_proxy
2022-12,Lakes,5,n_fatality_proxy
2023-01,Lakes,4,n_fatality_proxy
2023-02,Lakes,4,n_fatality_proxy
2023-03,Lakes,4,n_fatality_proxy
2023-04,Lakes,4,n_fatality_proxy
2023-05,Lakes,5,n_fatality_proxy
2023-06,Lakes,4,n_fatality_proxy
2023-07,Lakes,3,n_fatality_proxy
2023-08,Lakes,5,n_fatality_proxy
2023-09,Lakes,5,n_fatality_proxy
2023-10,Lakes,4,n_fatality_proxy
2023-11,Lakes,4,n_fatality_proxy
2023-12,Lakes,4,n_fatality_proxy
2024-01,Lakes,4,n_fatality_proxy
2024-02,Lakes,3,n_fatality_proxy
2024-03,Lakes,3,n_fatality_proxy
2024-04,Lakes,4,n_fatality_proxy
2024-05,Lakes,5,n_fatality_proxy
2024-06,Lakes,4,n_fatality_proxy
2024-07,Lakes,3,n_fatality_proxy
2024-08,Lakes,4,n_fatality_proxy
2024-09,Lakes,3,n_fatality_proxy
2024-10,Lakes,4,n_fatality_proxy
2024-11,Lakes,4,n_fatality_proxy
2024-12,Lakes,4,n_fatality_proxy
2025-01,Lakes,5,n_fatality_proxy
2025-02,Lakes,4,n_fatality_proxy
2025-03,Lakes,4,n_fatality_proxy
2025-04,Lakes,4,n_fatality_proxy
2025-05,Lakes,4,n_fatality_proxy
2025-06,Lakes,4,n_fatality_proxy
2025-07,Lakes,4,n_fatality_proxy
2025-08,Lakes,3,n_fatality_proxy
2025-09,Lakes,4,n_fatality_proxy
2025-10,Lakes,2,n_fatality_proxy
2025-11,Lakes,3,n_fatality_proxy
2025-12,Lakes,4,n_fatality_proxy
2014-03,Northern Bahr el Ghazal,1,n_fatality_proxy
2014-04,Northern Bahr el Ghazal,1,n_fatality_proxy
2014-05,Northern Bahr el Ghazal,3,n_fatality_proxy
2014-07,Northern Bahr el Ghazal,1,n_fatality_proxy
2014-11,Northern Bahr el Ghazal,1,n_fatality_proxy
2014-12,Northern Bahr el Ghazal,2,n_fatality_proxy
2015-01,Northern Bahr el Ghazal,1,n_fatality_proxy
2015-02,Northern Bahr el Ghazal,6,n_fatality_proxy
2015-03,Northern Bahr el Ghazal,6,n_fatality_proxy
2015-04,Northern Bahr el Ghazal,6,n_fatality_proxy
2015-05,Northern Bahr el Ghazal,6,n_fatality_proxy
2015-06,Northern Bahr el Ghazal,6,n_fatality_proxy
2015-07,Northern Bahr el Ghazal,6,n_fatality_proxy
2015-08,Northern Bahr el Ghazal,6,n_fatality_proxy
2015-09,Northern Bahr el Ghazal,6,n_fatality_proxy
2015-10,Northern Bahr el Ghazal,6,n_fatality_proxy
2015-11,Northern Bahr el Ghazal,6,n_fatality_proxy
2015-12,Northern Bahr el Ghazal,6,n_fatality_proxy
2016-01,Northern Bahr el Ghazal,6,n_fatality_proxy
2016-02,Northern Bahr el Ghazal,6,n_fatality_proxy
2016-03,Northern Bahr el Ghazal,6,n_fatality_proxy
2016-04,Northern Bahr el Ghazal,6,n_fatality_proxy
2016-05,Northern Bahr el Ghazal,6,n_fatality_proxy
2016-06,Northern Bahr el Ghazal,6,n_fatality_proxy
2016-07,Northern Bahr el Ghazal,6,n_fatality_proxy
2016-08,Northern Bahr el Ghazal,6,n_fatality_proxy
2016-09,Northern Bahr el Ghazal,6,n_fatality_proxy
2016-10,Northern Bahr el Ghazal,6,n_fatality_proxy
2016-11,Northern Bahr el Ghazal,6,n_fatality_proxy
2016-12,Northern Bahr el Ghazal,6,n_fatality_proxy
2017-01,Northern Bahr el Ghazal,6,n_fatality_proxy
2017-02,Northern Bahr el Ghazal,6,n_fatality_proxy
2017-03,Northern Bahr el Ghazal,6,n_fatality_proxy
2017-04,Northern Bahr el Ghazal,6,n_fatality_proxy
2017-05,Northern Bahr el Ghazal,6,n_fatality_proxy
2017-06,Northern Bahr el Ghazal,6,n_fatality_proxy
2017-07,Northern Bahr el Ghazal,6,n_fatality_proxy
2017-08,Northern Bahr el Ghazal,6,n_fatality_proxy
2017-09,Northern Bahr el Ghazal,6,n_fatality_proxy
2017-10,Northern Bahr el Ghazal,6,n_fatality_proxy
2017-11,Northern Bahr el Ghazal,6,n_fatality_proxy
2017-12,Northern Bahr el Ghazal,5,n_fatality_proxy
2018-01,Northern Bahr el Ghazal,5,n_fatality_proxy
2018-02,Northern Bahr el Ghazal,5,n_fatality_proxy
2018-03,Northern Bahr el Ghazal,5,n_fatality_proxy
2018-04,Northern Bahr el Ghazal,6,n_fatality_proxy
2018-05,Northern Bahr el Ghazal,5,n_fatality_proxy
2018-06,Northern Bahr el Ghazal,6,n_fatality_proxy
2018-07,Northern Bahr el Ghazal,5,n_fatality_proxy
2018-08,Northern Bahr el Ghazal,6,n_fatality_proxy
2018-09,Northern Bahr el Ghazal,6,n_fatality_proxy
2018-10,Northern Bahr el Ghazal,5,n_fatality_proxy
2018-11,Northern Bahr el Ghazal,6,n_fatality_proxy
2018-12,Northern Bahr el Ghazal,6,n_fatality_proxy
2019-01,Northern Bahr el Ghazal,5,n_fatality_proxy
2019-02,Northern Bahr el Ghazal,5,n_fatality_proxy
2019-03,Northern Bahr el Ghazal,4,n_fatality_proxy
2019-04,Northern Bahr el Ghazal,4,n_fatality_proxy
2019-05,Northern Bahr el Ghazal,4,n_fatality_proxy
2019-06,Northern Bahr el Ghazal,4,n_fatality_proxy
2019-07,Northern Bahr el Ghazal,4,n_fatality_proxy
2019-08,Northern Bahr el Ghazal,4,n_fatality_proxy
2019-09,Northern Bahr el Ghazal,3,n_fatality_proxy
2019-10,Northern Bahr el Ghazal,4,n_fatality_proxy
2019-11,Northern Bahr el Ghazal,4,n_fatality_proxy
2019-12,Northern Bahr el Ghazal,4,n_fatality_proxy
2020-01,Northern Bahr el Ghazal,4,n_fatality_proxy
2020-02,Northern Bahr el Ghazal,5,n_fatality_proxy
2020-03,Northern Bahr el Ghazal,4,n_fatality_proxy
2020-04,Northern Bahr el Ghazal,4,n_fatality_proxy
2020-05,Northern Bahr el Ghazal,5,n_fatality_proxy
2020-06,Northern Bahr el Ghazal,4,n_fatality_proxy
2020-07,Northern Bahr el Ghazal,3,n_fatality_proxy
2020-08,Northern Bahr el Ghazal,5,n_fatality_proxy
2020-09,Northern Bahr el Ghazal,4,n_fatality_proxy
2020-10,Northern Bahr el Ghazal,4,n_fatality_proxy
2020-11,Northern Bahr el Ghazal,5,n_fatality_proxy
2020-12,Northern Bahr el Ghazal,4,n_fatality_proxy
2021-01,Northern Bahr el Ghazal,4,n_fatality_proxy
2021-02,Northern Bahr el Ghazal,4,n_fatality_proxy
2021-03,Northern Bahr el Ghazal,6,n_fatality_proxy
2021-04,Northern Bahr el Ghazal,5,n_fatality_proxy
2021-05,Northern Bahr el Ghazal,6,n_fatality_proxy
2021-06,Northern Bahr el Ghazal,5,n_fatality_proxy
2021-07,Northern Bahr el Ghazal,5,n_fatality_proxy
2021-08,Northern Bahr el Ghazal,5,n_fatality_proxy
2021-09,Northern Bahr el Ghazal,5,n_fatality_proxy
2021-10,Northern Bahr el Ghazal,4,n_fatality_proxy
2021-11,Northern Bahr el Ghazal,4,n_fatality_proxy
2021-12,Northern Bahr el Ghazal,5,n_fatality_proxy
2022-01,Northern Bahr el Ghazal,4,n_fatality_proxy
2022-02,Northern Bahr el Ghazal,4,n_fatality_proxy
2022-03,Northern Bahr el Ghazal,5,n_fatality_proxy
2022-04,Northern Bahr el Ghazal,4,n_fatality_proxy
2022-05,Northern Bahr el Ghazal,4,n_fatality_proxy
2022-06,Northern Bahr el Ghazal,4,n_fatality_proxy
2022-07,Northern Bahr el Ghazal,3,n_fatality_proxy
2022-08,Northern Bahr el Ghazal,4,n_fatality_proxy
2022-09,Northern Bahr el Ghazal,3,n_fatality_proxy
2022-10,Northern Bahr el Ghazal,4,n_fatality_proxy
2022-11,Northern Bahr el Ghazal,4,n_fatality_proxy
2022-12,Northern Bahr el Ghazal,5,n_fatality_proxy
2023-01,Northern Bahr el Ghazal,4,n_fatality_proxy
2023-02,Northern Bahr el Ghazal,4,n_fatality_proxy
2023-03,Northern Bahr el Ghazal,4,n_fatality_proxy
2023-04,Northern Bahr el Ghazal,4,n_fatality_proxy
2023-05,Northern Bahr el Ghazal,5,n_fatality_proxy
2023-06,Northern Bahr el Ghazal,4,n_fatality_proxy
2023-07,Northern Bahr el Ghazal,3,n_fatality_proxy
2023-08,Northern Bahr el Ghazal,5,n_fatality_proxy
2023-09,Northern Bahr el Ghazal,5,n_fatality_proxy
2023-10,Northern Bahr el Ghazal,4,n_fatality_proxy
2023-11,Northern Bahr el Ghazal,4,n_fatality_proxy
2023-12,Northern Bahr el Ghazal,4,n_fatality_proxy
2024-01,Northern Bahr el Ghazal,4,n_fatality_proxy
2024-02,Northern Bahr el Ghazal,3,n_fatality_proxy
2024-03,Northern Bahr el Ghazal,3,n_fatality_proxy
2024-04,Northern Bahr el Ghazal,4,n_fatality_proxy
2024-05,Northern Bahr el Ghazal,5,n_fatality_proxy
2024-06,Northern Bahr el Ghazal,4,n_fatality_proxy
2024-07,Northern Bahr el Ghazal,3,n_fatality_proxy
2024-08,Northern Bahr el Ghazal,4,n_fatality_proxy
2024-09,Northern Bahr el Ghazal,3,n_fatality_proxy
2024-10,Northern Bahr el Ghazal,4,n_fatality_proxy
2024-11,Northern Bahr el Ghazal,4,n_fatality_proxy
2024-12,Northern Bahr el Ghazal,4,n_fatality_proxy
2025-01,Northern Bahr el Ghazal,5,n_fatality_proxy
2025-02,Northern Bahr el Ghazal,4,n_fatality_proxy
2025-03,Northern Bahr el Ghazal,4,n_fatality_proxy
2025-04,Northern Bahr el Ghazal,4,n_fatality_proxy
2025-05,Northern Bahr el Ghazal,4,n_fatality_proxy
2025-06,Northern Bahr el Ghazal,4,n_fatality_proxy
2025-07,Northern Bahr el Ghazal,4,n_fatality_proxy
2025-08,Northern Bahr el Ghazal,3,n_fatality_proxy
2025-09,Northern Bahr el Ghazal,4,n_fatality_proxy
2025-10,Northern Bahr el Ghazal,2,n_fatality_proxy
2025-11,Northern Bahr el Ghazal,3,n_fatality_proxy
2025-12,Northern Bahr el Ghazal,4,n_fatality_proxy
2014-03,Unity,1,n_fatality_proxy
2014-04,Unity,1,n_fatality_proxy
2014-05,Unity,3,n_fatality_proxy
2014-07,Unity,1,n_fatality_proxy
2014-11,Unity,1,n_fatality_proxy
2014-12,Unity,2,n_fatality_proxy
2015-01,Unity,1,n_fatality_proxy
2015-02,Unity,6,n_fatality_proxy
2015-03,Unity,6,n_fatality_proxy
2015-04,Unity,6,n_fatality_proxy
2015-05,Unity,6,n_fatality_proxy
2015-06,Unity,6,n_fatality_proxy
2015-07,Unity,6,n_fatality_proxy
2015-08,Unity,6,n_fatality_proxy
2015-09,Unity,6,n_fatality_proxy
2015-10,Unity,6,n_fatality_proxy
2015-11,Unity,6,n_fatality_proxy
2015-12,Unity,6,n_fatality_proxy
2016-01,Unity,6,n_fatality_proxy
2016-02,Unity,6,n_fatality_proxy
2016-03,Unity,6,n_fatality_proxy
2016-04,Unity,6,n_fatality_proxy
2016-05,Unity,6,n_fatality_proxy
2016-06,Unity,6,n_fatality_proxy
2016-07,Unity,6,n_fatality_proxy
2016-08,Unity,6,n_fatality_proxy
2016-09,Unity,6,n_fatality_proxy
2016-10,Unity,6,n_fatality_proxy
2016-11,Unity,6,n_fatality_proxy
2016-12,Unity,6,n_fatality_proxy
2017-01,Unity,6,n_fatality_proxy
2017-02,Unity,6,n_fatality_proxy
2017-03,Unity,6,n_fatality_proxy
2017-04,Unity,6,n_fatality_proxy
2017-05,Unity,6,n_fatality_proxy
2017-06,Unity,6,n_fatality_proxy
2017-07,Unity,6,n_fatality_proxy
2017-08,Unity,6,n_fatality_proxy
2017-09,Unity,6,n_fatality_proxy
2017-10,Unity,6,n_fatality_proxy
2017-11,Unity,6,n_fatality_proxy
2017-12,Unity,5,n_fatality_proxy
2018-01,Unity,5,n_fatality_proxy
2018-02,Unity,5,n_fatality_proxy
2018-03,Unity,5,n_fatality_proxy
2018-04,Unity,6,n_fatality_proxy
2018-05,Unity,5,n_fatality_proxy
2018-06,Unity,6,n_fatality_proxy
2018-07,Unity,5,n_fatality_proxy
2018-08,Unity,6,n_fatality_proxy
2018-09,Unity,6,n_fatality_proxy
2018-10,Unity,5,n_fatality_proxy
2018-11,Unity,6,n_fatality_proxy
2018-12,Unity,6,n_fatality_proxy
2019-01,Unity,5,n_fatality_proxy
2019-02,Unity,5,n_fatality_proxy
2019-03,Unity,4,n_fatality_proxy
2019-04,Unity,4,n_fatality_proxy
2019-05,Unity,4,n_fatality_proxy
2019-06,Unity,4,n_fatality_proxy
2019-07,Unity,4,n_fatality_proxy
2019-08,Unity,4,n_fatality_proxy
2019-09,Unity,3,n_fatality_proxy
2019-10,Unity,4,n_fatality_proxy
2019-11,Unity,4,n_fatality_proxy
2019-12,Unity,4,n_fatality_proxy
2020-01,Unity,4,n_fatality_proxy
2020-02,Unity,5,n_fatality_proxy
2020-03,Unity,4,n_fatality_proxy
2020-04,Unity,4,n_fatality_proxy
2020-05,Unity,5,n_fatality_proxy
2020-06,Unity,4,n_fatality_proxy
2020-07,Unity,3,n_fatality_proxy
2020-08,Unity,5,n_fatality_proxy
2020-09,Unity,4,n_fatality_proxy
2020-10,Unity,4,n_fatality_proxy
2020-11,Unity,5,n_fatality_proxy
2020-12,Unity,4,n_fatality_proxy
2021-01,Unity,4,n_fatality_proxy
2021-02,Unity,4,n_fatality_proxy
2021-03,Unity,6,n_fatality_proxy
2021-04,Unity,5,n_fatality_proxy
2021-05,Unity,6,n_fatality_proxy
2021-06,Unity,5,n_fatality_proxy
2021-07,Unity,5,n_fatality_proxy
2021-08,Unity,5,n_fatality_proxy
2021-09,Unity,5,n_fatality_proxy
2021-10,Unity,4,n_fatality_proxy
2021-11,Unity,4,n_fatality_proxy
2021-12,Unity,5,n_fatality_proxy
2022-01,Unity,4,n_fatality_proxy
2022-02,Unity,4,n_fatality_proxy
2022-03,Unity,5,n_fatality_proxy
2022-04,Unity,4,n_fatality_proxy
2022-05,Unity,4,n_fatality_proxy
2022-06,Unity,4,n_fatality_proxy
2022-07,Unity,3,n_fatality_proxy
2022-08,Unity,4,n_fatality_proxy
2022-09,Unity,3,n_fatality_proxy
2022-10,Unity,4,n_fatality_proxy
2022-11,Unity,4,n_fatality_proxy
2022-12,Unity,5,n_fatality_proxy
2023-01,Unity,4,n_fatality_proxy
2023-02,Unity,4,n_fatality_proxy
2023-03,Unity,4,n_fatality_proxy
2023-04,Unity,4,n_fatality_proxy
2023-05,Unity,5,n_fatality_proxy
2023-06,Unity,4,n_fatality_proxy
2023-07,Unity,3,n_fatality_proxy
2023-08,Unity,5,n_fatality_proxy
2023-09,Unity,5,n_fatality_proxy
2023-10,Unity,4,n_fatality_proxy
2023-11,Unity,4,n_fatality_proxy
2023-12,Unity,4,n_fatality_proxy
2024-01,Unity,4,n_fatality_proxy
2024-02,Unity,3,n_fatality_proxy
2024-03,Unity,3,n_fatality_proxy
2024-04,Unity,4,n_fatality_proxy
2024-05,Unity,5,n_fatality_proxy
2024-06,Unity,4,n_fatality_proxy
2024-07,Unity,3,n_fatality_proxy
2024-08,Unity,4,n_fatality_proxy
2024-09,Unity,3,n_fatality_proxy
2024-10,Unity,4,n_fatality_proxy
2024-11,Unity,4,n_fatality_proxy
2024-12,Unity,4,n_fatality_proxy
2025-01,Unity,5,n_fatality_proxy
2025-02,Unity,4,n_fatality_proxy
2025-03,Unity,4,n_fatality_proxy
2025-04,Unity,4,n_fatality_proxy
2025-05,Unity,4,n_fatality_proxy
2025-06,Unity,4,n_fatality_proxy
2025-07,Unity,4,n_fatality_proxy
2025-08,Unity,3,n_fatality_proxy
2025-09,Unity,4,n_fatality_proxy
2025-10,Unity,2,n_fatality_proxy
2025-11,Unity,3,n_fatality_proxy
2025-12,Unity,4,n_fatality_proxy
2014-03,Upper Nile,1,n_fatality_proxy
2014-04,Upper Nile,1,n_fatality_proxy
2014-05,Upper Nile,3,n_fatality_proxy
2014-07,Upper Nile,1,n_fatality_proxy
2014-11,Upper Nile,1,n_fatality_proxy
2014-12,Upper Nile,2,n_fatality_proxy
2015-01,Upper Nile,1,n_fatality_proxy
2015-02,Upper Nile,6,n_fatality_proxy
2015-03,Upper Nile,6,n_fatality_proxy
2015-04,Upper Nile,6,n_fatality_proxy
2015-05,Upper Nile,6,n_fatality_proxy
2015-06,Upper Nile,6,n_fatality_proxy
2015-07,Upper Nile,6,n_fatality_proxy
2015-08,Upper Nile,6,n_fatality_proxy
2015-09,Upper Nile,6,n_fatality_proxy
2015-10,Upper Nile,6,n_fatality_proxy
2015-11,Upper Nile,6,n_fatality_proxy
2015-12,Upper Nile,6,n_fatality_proxy
2016-01,Upper Nile,6,n_fatality_proxy
2016-02,Upper Nile,6,n_fatality_proxy
2016-03,Upper Nile,6,n_fatality_proxy
2016-04,Upper Nile,6,n_fatality_proxy
2016-05,Upper Nile,6,n_fatality_proxy
2016-06,Upper Nile,6,n_fatality_proxy
2016-07,Upper Nile,6,n_fatality_proxy
2016-08,Upper Nile,6,n_fatality_proxy
2016-09,Upper Nile,6,n_fatality_proxy
2016-10,Upper Nile,6,n_fatality_proxy
2016-11,Upper Nile,6,n_fatality_proxy
2016-12,Upper Nile,6,n_fatality_proxy
2017-01,Upper Nile,6,n_fatality_proxy
2017-02,Upper Nile,6,n_fatality_proxy
2017-03,Upper Nile,6,n_fatality_proxy
2017-04,Upper Nile,6,n_fatality_proxy
2017-05,Upper Nile,6,n_fatality_proxy
2017-06,Upper Nile,6,n_fatality_proxy
2017-07,Upper Nile,6,n_fatality_proxy
2017-08,Upper Nile,6,n_fatality_proxy
2017-09,Upper Nile,6,n_fatality_proxy
2017-10,Upper Nile,6,n_fatality_proxy
2017-11,Upper Nile,6,n_fatality_proxy
2017-12,Upper Nile,5,n_fatality_proxy
2018-01,Upper Nile,5,n_fatality_proxy
2018-02,Upper Nile,5,n_fatality_proxy
2018-03,Upper Nile,5,n_fatality_proxy
2018-04,Upper Nile,6,n_fatality_proxy
2018-05,Upper Nile,5,n_fatality_proxy
2018-06,Upper Nile,6,n_fatality_proxy
2018-07,Upper Nile,5,n_fatality_proxy
2018-08,Upper Nile,6,n_fatality_proxy
2018-09,Upper Nile,6,n_fatality_proxy
2018-10,Upper Nile,5,n_fatality_proxy
2018-11,Upper Nile,6,n_fatality_proxy
2018-12,Upper Nile,6,n_fatality_proxy
2019-01,Upper Nile,5,n_fatality_proxy
2019-02,Upper Nile,5,n_fatality_proxy
2019-03,Upper Nile,4,n_fatality_proxy
2019-04,Upper Nile,4,n_fatality_proxy
2019-05,Upper Nile,4,n_fatality_proxy
2019-06,Upper Nile,4,n_fatality_proxy
2019-07,Upper Nile,4,n_fatality_proxy
2019-08,Upper Nile,4,n_fatality_proxy
2019-09,Upper Nile,3,n_fatality_proxy
2019-10,Upper Nile,4,n_fatality_proxy
2019-11,Upper Nile,4,n_fatality_proxy
2019-12,Upper Nile,4,n_fatality_proxy
2020-01,Upper Nile,4,n_fatality_proxy
2020-02,Upper Nile,5,n_fatality_proxy
2020-03,Upper Nile,4,n_fatality_proxy
2020-04,Upper Nile,4,n_fatality_proxy
2020-05,Upper Nile,5,n_fatality_proxy
2020-06,Upper Nile,4,n_fatality_proxy
2020-07,Upper Nile,3,n_fatality_proxy
2020-08,Upper Nile,5,n_fatality_proxy
2020-09,Upper Nile,4,n_fatality_proxy
2020-10,Upper Nile,4,n_fatality_proxy
2020-11,Upper Nile,5,n_fatality_proxy
2020-12,Upper Nile,4,n_fatality_proxy
2021-01,Upper Nile,4,n_fatality_proxy
2021-02,Upper Nile,4,n_fatality_proxy
2021-03,Upper Nile,6,n_fatality_proxy
2021-04,Upper Nile,5,n_fatality_proxy
2021-05,Upper Nile,6,n_fatality_proxy
2021-06,Upper Nile,5,n_fatality_proxy
2021-07,Upper Nile,5,n_fatality_proxy
2021-08,Upper Nile,5,n_fatality_proxy
2021-09,Upper Nile,5,n_fatality_proxy
2021-10,Upper Nile,4,n_fatality_proxy
2021-11,Upper Nile,4,n_fatality_proxy
2021-12,Upper Nile,5,n_fatality_proxy
2022-01,Upper Nile,4,n_fatality_proxy
2022-02,Upper Nile,4,n_fatality_proxy
2022-03,Upper Nile,5,n_fatality_proxy
2022-04,Upper Nile,4,n_fatality_proxy
2022-05,Upper Nile,4,n_fatality_proxy
2022-06,Upper Nile,4,n_fatality_proxy
2022-07,Upper Nile,3,n_fatality_proxy
2022-08,Upper Nile,4,n_fatality_proxy
2022-09,Upper Nile,3,n_fatality_proxy
2022-10,Upper Nile,4,n_fatality_proxy
2022-11,Upper Nile,4,n_fatality_proxy
2022-12,Upper Nile,5,n_fatality_proxy
2023-01,Upper Nile,4,n_fatality_proxy
2023-02,Upper Nile,4,n_fatality_proxy
2023-03,Upper Nile,4,n_fatality_proxy
2023-04,Upper Nile,4,n_fatality_proxy
2023-05,Upper Nile,5,n_fatality_proxy
2023-06,Upper Nile,4,n_fatality_proxy
2023-07,Upper Nile,3,n_fatality_proxy
2023-08,Upper Nile,5,n_fatality_proxy
2023-09,Upper Nile,5,n_fatality_proxy
2023-10,Upper Nile,4,n_fatality_proxy
2023-11,Upper Nile,4,n_fatality_proxy
2023-12,Upper Nile,4,n_fatality_proxy
2024-01,Upper Nile,4,n_fatality_proxy
2024-02,Upper Nile,3,n_fatality_proxy
2024-03,Upper Nile,3,n_fatality_proxy
2024-04,Upper Nile,4,n_fatality_proxy
2024-05,Upper Nile,5,n_fatality_proxy
2024-06,Upper Nile,4,n_fatality_proxy
2024-07,Upper Nile,3,n_fatality_proxy
2024-08,Upper Nile,4,n_fatality_proxy
2024-09,Upper Nile,3,n_fatality_proxy
2024-10,Upper Nile,4,n_fatality_proxy
2024-11,Upper Nile,4,n_fatality_proxy
2024-12,Upper Nile,4,n_fatality_proxy
2025-01,Upper Nile,5,n_fatality_proxy
2025-02,Upper Nile,4,n_fatality_proxy
2025-03,Upper Nile,4,n_fatality_proxy
2025-04,Upper Nile,4,n_fatality_proxy
2025-05,Upper Nile,4,n_fatality_proxy
2025-06,Upper Nile,4,n_fatality_proxy
2025-07,Upper Nile,4,n_fatality_proxy
2025-08,Upper Nile,3,n_fatality_proxy
2025-09,Upper Nile,4,n_fatality_proxy
2025-10,Upper Nile,2,n_fatality_proxy
2025-11,Upper Nile,3,n_fatality_proxy
2025-12,Upper Nile,4,n_fatality_proxy
2014-03,Warrap,1,n_fatality_proxy
2014-04,Warrap,1,n_fatality_proxy
2014-05,Warrap,3,n_fatality_proxy
2014-07,Warrap,1,n_fatality_proxy
2014-11,Warrap,1,n_fatality_proxy
2014-12,Warrap,2,n_fatality_proxy
2015-01,Warrap,1,n_fatality_proxy
2015-02,Warrap,6,n_fatality_proxy
2015-03,Warrap,6,n_fatality_proxy
2015-04,Warrap,6,n_fatality_proxy
2015-05,Warrap,6,n_fatality_proxy
2015-06,Warrap,6,n_fatality_proxy
2015-07,Warrap,6,n_fatality_proxy
2015-08,Warrap,6,n_fatality_proxy
2015-09,Warrap,6,n_fatality_proxy
2015-10,Warrap,6,n_fatality_proxy
2015-11,Warrap,6,n_fatality_proxy
2015-12,Warrap,6,n_fatality_proxy
2016-01,Warrap,6,n_fatality_proxy
2016-02,Warrap,6,n_fatality_proxy
2016-03,Warrap,6,n_fatality_proxy
2016-04,Warrap,6,n_fatality_proxy
2016-05,Warrap,6,n_fatality_proxy
2016-06,Warrap,6,n_fatality_proxy
2016-07,Warrap,6,n_fatality_proxy
2016-08,Warrap,6,n_fatality_proxy
2016-09,Warrap,6,n_fatality_proxy
2016-10,Warrap,6,n_fatality_proxy
2016-11,Warrap,6,n_fatality_proxy
2016-12,Warrap,6,n_fatality_proxy
2017-01,Warrap,6,n_fatality_proxy
2017-02,Warrap,6,n_fatality_proxy
2017-03,Warrap,6,n_fatality_proxy
2017-04,Warrap,6,n_fatality_proxy
2017-05,Warrap,6,n_fatality_proxy
2017-06,Warrap,6,n_fatality_proxy
2017-07,Warrap,6,n_fatality_proxy
2017-08,Warrap,6,n_fatality_proxy
2017-09,Warrap,6,n_fatality_proxy
2017-10,Warrap,6,n_fatality_proxy
2017-11,Warrap,6,n_fatality_proxy
2017-12,Warrap,5,n_fatality_proxy
2018-01,Warrap,5,n_fatality_proxy
2018-02,Warrap,5,n_fatality_proxy
2018-03,Warrap,5,n_fatality_proxy
2018-04,Warrap,6,n_fatality_proxy
2018-05,Warrap,5,n_fatality_proxy
2018-06,Warrap,6,n_fatality_proxy
2018-07,Warrap,5,n_fatality_proxy
2018-08,Warrap,6,n_fatality_proxy
2018-09,Warrap,6,n_fatality_proxy
2018-10,Warrap,5,n_fatality_proxy
2018-11,Warrap,6,n_fatality_proxy
2018-12,Warrap,6,n_fatality_proxy
2019-01,Warrap,5,n_fatality_proxy
2019-02,Warrap,5,n_fatality_proxy
2019-03,Warrap,4,n_fatality_proxy
2019-04,Warrap,4,n_fatality_proxy
2019-05,Warrap,4,n_fatality_proxy
2019-06,Warrap,4,n_fatality_proxy
2019-07,Warrap,4,n_fatality_proxy
2019-08,Warrap,4,n_fatality_proxy
2019-09,Warrap,3,n_fatality_proxy
2019-10,Warrap,4,n_fatality_proxy
2019-11,Warrap,4,n_fatality_proxy
2019-12,Warrap,4,n_fatality_proxy
2020-01,Warrap,4,n_fatality_proxy
2020-02,Warrap,5,n_fatality_proxy
2020-03,Warrap,4,n_fatality_proxy
2020-04,Warrap,4,n_fatality_proxy
2020-05,Warrap,5,n_fatality_proxy
2020-06,Warrap,4,n_fatality_proxy
2020-07,Warrap,3,n_fatality_proxy
2020-08,Warrap,5,n_fatality_proxy
2020-09,Warrap,4,n_fatality_proxy
2020-10,Warrap,4,n_fatality_proxy
2020-11,Warrap,5,n_fatality_proxy
2020-12,Warrap,4,n_fatality_proxy
2021-01,Warrap,4,n_fatality_proxy
2021-02,Warrap,4,n_fatality_proxy
2021-03,Warrap,6,n_fatality_proxy
2021-04,Warrap,5,n_fatality_proxy
2021-05,Warrap,6,n_fatality_proxy
2021-06,Warrap,5,n_fatality_proxy
2021-07,Warrap,5,n_fatality_proxy
2021-08,Warrap,5,n_fatality_proxy
2021-09,Warrap,5,n_fatality_proxy
2021-10,Warrap,4,n_fatality_proxy
2021-11,Warrap,4,n_fatality_proxy
2021-12,Warrap,5,n_fatality_proxy
2022-01,Warrap,4,n_fatality_proxy
2022-02,Warrap,4,n_fatality_proxy
2022-03,Warrap,5,n_fatality_proxy
2022-04,Warrap,4,n_fatality_proxy
2022-05,Warrap,4,n_fatality_proxy
2022-06,Warrap,4,n_fatality_proxy
2022-07,Warrap,3,n_fatality_proxy
2022-08,Warrap,4,n_fatality_proxy
2022-09,Warrap,3,n_fatality_proxy
2022-10,Warrap,4,n_fatality_proxy
2022-11,Warrap,4,n_fatality_proxy
2022-12,Warrap,5,n_fatality_proxy
2023-01,Warrap,4,n_fatality_proxy
2023-02,Warrap,4,n_fatality_proxy
2023-03,Warrap,4,n_fatality_proxy
2023-04,Warrap,4,n_fatality_proxy
2023-05,Warrap,5,n_fatality_proxy
2023-06,Warrap,4,n_fatality_proxy
2023-07,Warrap,3,n_fatality_proxy
2023-08,Warrap,5,n_fatality_proxy
2023-09,Warrap,5,n_fatality_proxy
2023-10,Warrap,4,n_fatality_proxy
2023-11,Warrap,4,n_fatality_proxy
2023-12,Warrap,4,n_fatality_proxy
2024-01,Warrap,4,n_fatality_proxy
2024-02,Warrap,3,n_fatality_proxy
2024-03,Warrap,3,n_fatality_proxy
2024-04,Warrap,4,n_fatality_proxy
2024-05,Warrap,5,n_fatality_proxy
2024-06,Warrap,4,n_fatality_proxy
2024-07,Warrap,3,n_fatality_proxy
2024-08,Warrap,4,n_fatality_proxy
2024-09,Warrap,3,n_fatality_proxy
2024-10,Warrap,4,n_fatality_proxy
2024-11,Warrap,4,n_fatality_proxy
2024-12,Warrap,4,n_fatality_proxy
2025-01,Warrap,5,n_fatality_proxy
2025-02,Warrap,4,n_fatality_proxy
2025-03,Warrap,4,n_fatality_proxy
2025-04,Warrap,4,n_fatality_proxy
2025-05,Warrap,4,n_fatality_proxy
2025-06,Warrap,4,n_fatality_proxy
2025-07,Warrap,4,n_fatality_proxy
2025-08,Warrap,3,n_fatality_proxy
2025-09,Warrap,4,n_fatality_proxy
2025-10,Warrap,2,n_fatality_proxy
2025-11,Warrap,3,n_fatality_proxy
2025-12,Warrap,4,n_fatality_proxy
2014-03,Western Bahr el Ghazal,1,n_fatality_proxy
2014-04,Western Bahr el Ghazal,1,n_fatality_proxy
2014-05,Western Bahr el Ghazal,3,n_fatality_proxy
2014-07,Western Bahr el Ghazal,1,n_fatality_proxy
2014-11,Western Bahr el Ghazal,1,n_fatality_proxy
2014-12,Western Bahr el Ghazal,2,n_fatality_proxy
2015-01,Western Bahr el Ghazal,1,n_fatality_proxy
2015-02,Western Bahr el Ghazal,6,n_fatality_proxy
2015-03,Western Bahr el Ghazal,6,n_fatality_proxy
2015-04,Western Bahr el Ghazal,6,n_fatality_proxy
2015-05,Western Bahr el Ghazal,6,n_fatality_proxy
2015-06,Western Bahr el Ghazal,6,n_fatality_proxy
2015-07,Western Bahr el Ghazal,6,n_fatality_proxy
2015-08,Western Bahr el Ghazal,6,n_fatality_proxy
2015-09,Western Bahr el Ghazal,6,n_fatality_proxy
2015-10,Western Bahr el Ghazal,6,n_fatality_proxy
2015-11,Western Bahr el Ghazal,6,n_fatality_proxy
2015-12,Western Bahr el Ghazal,6,n_fatality_proxy
2016-01,Western Bahr el Ghazal,6,n_fatality_proxy
2016-02,Western Bahr el Ghazal,6,n_fatality_proxy
2016-03,Western Bahr el Ghazal,6,n_fatality_proxy
2016-04,Western Bahr el Ghazal,6,n_fatality_proxy
2016-05,Western Bahr el Ghazal,6,n_fatality_proxy
2016-06,Western Bahr el Ghazal,6,n_fatality_proxy
2016-07,Western Bahr el Ghazal,6,n_fatality_proxy
2016-08,Western Bahr el Ghazal,6,n_fatality_proxy
2016-09,Western Bahr el Ghazal,6,n_fatality_proxy
2016-10,Western Bahr el Ghazal,6,n_fatality_proxy
2016-11,Western Bahr el Ghazal,6,n_fatality_proxy
2016-12,Western Bahr el Ghazal,6,n_fatality_proxy
2017-01,Western Bahr el Ghazal,6,n_fatality_proxy
2017-02,Western Bahr el Ghazal,6,n_fatality_proxy
2017-03,Western Bahr el Ghazal,6,n_fatality_proxy
2017-04,Western Bahr el Ghazal,6,n_fatality_proxy
2017-05,Western Bahr el Ghazal,6,n_fatality_proxy
2017-06,Western Bahr el Ghazal,6,n_fatality_proxy
2017-07,Western Bahr el Ghazal,6,n_fatality_proxy
2017-08,Western Bahr el Ghazal,6,n_fatality_proxy
2017-09,Western Bahr el Ghazal,6,n_fatality_proxy
2017-10,Western Bahr el Ghazal,6,n_fatality_proxy
2017-11,Western Bahr el Ghazal,6,n_fatality_proxy
2017-12,Western Bahr el Ghazal,5,n_fatality_proxy
2018-01,Western Bahr el Ghazal,5,n_fatality_proxy
2018-02,Western Bahr el Ghazal,5,n_fatality_proxy
2018-03,Western Bahr el Ghazal,5,n_fatality_proxy
2018-04,Western Bahr el Ghazal,6,n_fatality_proxy
2018-05,Western Bahr el Ghazal,5,n_fatality_proxy
2018-06,Western Bahr el Ghazal,6,n_fatality_proxy
2018-07,Western Bahr el Ghazal,5,n_fatality_proxy
2018-08,Western Bahr el Ghazal,6,n_fatality_proxy
2018-09,Western Bahr el Ghazal,6,n_fatality_proxy
2018-10,Western Bahr el Ghazal,5,n_fatality_proxy
2018-11,Western Bahr el Ghazal,6,n_fatality_proxy
2018-12,Western Bahr el Ghazal,6,n_fatality_proxy
2019-01,Western Bahr el Ghazal,5,n_fatality_proxy
2019-02,Western Bahr el Ghazal,5,n_fatality_proxy
2019-03,Western Bahr el Ghazal,4,n_fatality_proxy
2019-04,Western Bahr el Ghazal,4,n_fatality_proxy
2019-05,Western Bahr el Ghazal,4,n_fatality_proxy
2019-06,Western Bahr el Ghazal,4,n_fatality_proxy
2019-07,Western Bahr el Ghazal,4,n_fatality_proxy
2019-08,Western Bahr el Ghazal,4,n_fatality_proxy
2019-09,Western Bahr el Ghazal,3,n_fatality_proxy
2019-10,Western Bahr el Ghazal,4,n_fatality_proxy
2019-11,Western Bahr el Ghazal,4,n_fatality_proxy
2019-12,Western Bahr el Ghazal,4,n_fatality_proxy
2020-01,Western Bahr el Ghazal,4,n_fatality_proxy
2020-02,Western Bahr el Ghazal,5,n_fatality_proxy
2020-03,Western Bahr el Ghazal,4,n_fatality_proxy
2020-04,Western Bahr el Ghazal,4,n_fatality_proxy
2020-05,Western Bahr el Ghazal,5,n_fatality_proxy
2020-06,Western Bahr el Ghazal,4,n_fatality_proxy
2020-07,Western Bahr el Ghazal,3,n_fatality_proxy
2020-08,Western Bahr el Ghazal,5,n_fatality_proxy
2020-09,Western Bahr el Ghazal,4,n_fatality_proxy
2020-10,Western Bahr el Ghazal,4,n_fatality_proxy
2020-11,Western Bahr el Ghazal,5,n_fatality_proxy
2020-12,Western Bahr el Ghazal,4,n_fatality_proxy
2021-01,Western Bahr el Ghazal,4,n_fatality_proxy
2021-02,Western Bahr el Ghazal,4,n_fatality_proxy
2021-03,Western Bahr el Ghazal,6,n_fatality_proxy
2021-04,Western Bahr el Ghazal,5,n_fatality_proxy
2021-05,Western Bahr el Ghazal,6,n_fatality_proxy
2021-06,Western Bahr el Ghazal,5,n_fatality_proxy
2021-07,Western Bahr el Ghazal,5,n_fatality_proxy
2021-08,Western Bahr el Ghazal,5,n_fatality_proxy
2021-09,Western Bahr el Ghazal,5,n_fatality_proxy
2021-10,Western Bahr el Ghazal,4,n_fatality_proxy
2021-11,Western Bahr el Ghazal,4,n_fatality_proxy
2021-12,Western Bahr el Ghazal,5,n_fatality_proxy
2022-01,Western Bahr el Ghazal,4,n_fatality_proxy
2022-02,Western Bahr el Ghazal,4,n_fatality_proxy
2022-03,Western Bahr el Ghazal,5,n_fatality_proxy
2022-04,Western Bahr el Ghazal,4,n_fatality_proxy
2022-05,Western Bahr el Ghazal,4,n_fatality_proxy
2022-06,Western Bahr el Ghazal,4,n_fatality_proxy
2022-07,Western Bahr el Ghazal,3,n_fatality_proxy
2022-08,Western Bahr el Ghazal,4,n_fatality_proxy
2022-09,Western Bahr el Ghazal,3,n_fatality_proxy
2022-10,Western Bahr el Ghazal,4,n_fatality_proxy
2022-11,Western Bahr el Ghazal,4,n_fatality_proxy
2022-12,Western Bahr el Ghazal,5,n_fatality_proxy
2023-01,Western Bahr el Ghazal,4,n_fatality_proxy
2023-02,Western Bahr el Ghazal,4,n_fatality_proxy
2023-03,Western Bahr el Ghazal,4,n_fatality_proxy
2023-04,Western Bahr el Ghazal,4,n_fatality_proxy
2023-05,Western Bahr el Ghazal,5,n_fatality_proxy
2023-06,Western Bahr el Ghazal,4,n_fatality_proxy
2023-07,Western Bahr el Ghazal,3,n_fatality_proxy
2023-08,Western Bahr el Ghazal,5,n_fatality_proxy
2023-09,Western Bahr el Ghazal,5,n_fatality_proxy
2023-10,Western Bahr el Ghazal,4,n_fatality_proxy
2023-11,Western Bahr el Ghazal,4,n_fatality_proxy
2023-12,Western Bahr el Ghazal,4,n_fatality_proxy
2024-01,Western Bahr el Ghazal,4,n_fatality_proxy
2024-02,Western Bahr el Ghazal,3,n_fatality_proxy
2024-03,Western Bahr el Ghazal,3,n_fatality_proxy
2024-04,Western Bahr el Ghazal,4,n_fatality_proxy
2024-05,Western Bahr el Ghazal,5,n_fatality_proxy
2024-06,Western Bahr el Ghazal,4,n_fatality_proxy
2024-07,Western Bahr el Ghazal,3,n_fatality_proxy
2024-08,Western Bahr el Ghazal,4,n_fatality_proxy
2024-09,Western Bahr el Ghazal,3,n_fatality_proxy
2024-10,Western Bahr el Ghazal,4,n_fatality_proxy
2024-11,Western Bahr el Ghazal,4,n_fatality_proxy
2024-12,Western Bahr el Ghazal,4,n_fatality_proxy
2025-01,Western Bahr el Ghazal,5,n_fatality_proxy
2025-02,Western Bahr el Ghazal,4,n_fatality_proxy
2025-03,Western Bahr el Ghazal,4,n_fatality_proxy
2025-04,Western Bahr el Ghazal,4,n_fatality_proxy
2025-05,Western Bahr el Ghazal,4,n_fatality_proxy
2025-06,Western Bahr el Ghazal,4,n_fatality_proxy
2025-07,Western Bahr el Ghazal,4,n_fatality_proxy
2025-08,Western Bahr el Ghazal,3,n_fatality_proxy
2025-09,Western Bahr el Ghazal,4,n_fatality_proxy
2025-10,Western Bahr el Ghazal,2,n_fatality_proxy
2025-11,Western Bahr el Ghazal,3,n_fatality_proxy
2025-12,Western Bahr el Ghazal,4,n_fatality_proxy
2014-03,Western Equatoria,1,n_fatality_proxy
2014-04,Western Equatoria,1,n_fatality_proxy
2014-05,Western Equatoria,3,n_fatality_proxy
2014-07,Western Equatoria,1,n_fatality_proxy
2014-11,Western Equatoria,1,n_fatality_proxy
2014-12,Western Equatoria,2,n_fatality_proxy
2015-01,Western Equatoria,1,n_fatality_proxy
2015-02,Western Equatoria,6,n_fatality_proxy
2015-03,Western Equatoria,6,n_fatality_proxy
2015-04,Western Equatoria,6,n_fatality_proxy
2015-05,Western Equatoria,6,n_fatality_proxy
2015-06,Western Equatoria,6,n_fatality_proxy
2015-07,Western Equatoria,6,n_fatality_proxy
2015-08,Western Equatoria,6,n_fatality_proxy
2015-09,Western Equatoria,6,n_fatality_proxy
2015-10,Western Equatoria,6,n_fatality_proxy
2015-11,Western Equatoria,6,n_fatality_proxy
2015-12,Western Equatoria,6,n_fatality_proxy
2016-01,Western Equatoria,6,n_fatality_proxy
2016-02,Western Equatoria,6,n_fatality_proxy
2016-03,Western Equatoria,6,n_fatality_proxy
2016-04,Western Equatoria,6,n_fatality_proxy
2016-05,Western Equatoria,6,n_fatality_proxy
2016-06,Western Equatoria,6,n_fatality_proxy
2016-07,Western Equatoria,6,n_fatality_proxy
2016-08,Western Equatoria,6,n_fatality_proxy
2016-09,Western Equatoria,6,n_fatality_proxy
2016-10,Western Equatoria,6,n_fatality_proxy
2016-11,Western Equatoria,6,n_fatality_proxy
2016-12,Western Equatoria,6,n_fatality_proxy
2017-01,Western Equatoria,6,n_fatality_proxy
2017-02,Western Equatoria,6,n_fatality_proxy
2017-03,Western Equatoria,6,n_fatality_proxy
2017-04,Western Equatoria,6,n_fatality_proxy
2017-05,Western Equatoria,6,n_fatality_proxy
2017-06,Western Equatoria,6,n_fatality_proxy
2017-07,Western Equatoria,6,n_fatality_proxy
2017-08,Western Equatoria,6,n_fatality_proxy
2017-09,Western Equatoria,6,n_fatality_proxy
2017-10,Western Equatoria,6,n_fatality_proxy
2017-11,Western Equatoria,6,n_fatality_proxy
2017-12,Western Equatoria,5,n_fatality_proxy
2018-01,Western Equatoria,5,n_fatality_proxy
2018-02,Western Equatoria,5,n_fatality_proxy
2018-03,Western Equatoria,5,n_fatality_proxy
2018-04,Western Equatoria,6,n_fatality_proxy
2018-05,Western Equatoria,5,n_fatality_proxy
2018-06,Western Equatoria,6,n_fatality_proxy
2018-07,Western Equatoria,5,n_fatality_proxy
2018-08,Western Equatoria,6,n_fatality_proxy
2018-09,Western Equatoria,6,n_fatality_proxy
2018-10,Western Equatoria,5,n_fatality_proxy
2018-11,Western Equatoria,6,n_fatality_proxy
2018-12,Western Equatoria,6,n_fatality_proxy
2019-01,Western Equatoria,5,n_fatality_proxy
2019-02,Western Equatoria,5,n_fatality_proxy
2019-03,Western Equatoria,4,n_fatality_proxy
2019-04,Western Equatoria,4,n_fatality_proxy
2019-05,Western Equatoria,4,n_fatality_proxy
2019-06,Western Equatoria,4,n_fatality_proxy
2019-07,Western Equatoria,4,n_fatality_proxy
2019-08,Western Equatoria,4,n_fatality_proxy
2019-09,Western Equatoria,3,n_fatality_proxy
2019-10,Western Equatoria,4,n_fatality_proxy
2019-11,Western Equatoria,4,n_fatality_proxy
2019-12,Western Equatoria,4,n_fatality_proxy
2020-01,Western Equatoria,4,n_fatality_proxy
2020-02,Western Equatoria,5,n_fatality_proxy
2020-03,Western Equatoria,4,n_fatality_proxy
2020-04,Western Equatoria,4,n_fatality_proxy
2020-05,Western Equatoria,5,n_fatality_proxy
2020-06,Western Equatoria,4,n_fatality_proxy
2020-07,Western Equatoria,3,n_fatality_proxy
2020-08,Western Equatoria,5,n_fatality_proxy
2020-09,Western Equatoria,4,n_fatality_proxy
2020-10,Western Equatoria,4,n_fatality_proxy
2020-11,Western Equatoria,5,n_fatality_proxy
2020-12,Western Equatoria,4,n_fatality_proxy
2021-01,Western Equatoria,4,n_fatality_proxy
2021-02,Western Equatoria,4,n_fatality_proxy
2021-03,Western Equatoria,6,n_fatality_proxy
2021-04,Western Equatoria,5,n_fatality_proxy
2021-05,Western Equatoria,6,n_fatality_proxy
2021-06,Western Equatoria,5,n_fatality_proxy
2021-07,Western Equatoria,5,n_fatality_proxy
2021-08,Western Equatoria,5,n_fatality_proxy
2021-09,Western Equatoria,5,n_fatality_proxy
2021-10,Western Equatoria,4,n_fatality_proxy
2021-11,Western Equatoria,4,n_fatality_proxy
2021-12,Western Equatoria,5,n_fatality_proxy
2022-01,Western Equatoria,4,n_fatality_proxy
2022-02,Western Equatoria,4,n_fatality_proxy
2022-03,Western Equatoria,5,n_fatality_proxy
2022-04,Western Equatoria,4,n_fatality_proxy
2022-05,Western Equatoria,4,n_fatality_proxy
2022-06,Western Equatoria,4,n_fatality_proxy
2022-07,Western Equatoria,3,n_fatality_proxy
2022-08,Western Equatoria,4,n_fatality_proxy
2022-09,Western Equatoria,3,n_fatality_proxy
2022-10,Western Equatoria,4,n_fatality_proxy
2022-11,Western Equatoria,4,n_fatality_proxy
2022-12,Western Equatoria,5,n_fatality_proxy
2023-01,Western Equatoria,4,n_fatality_proxy
2023-02,Western Equatoria,4,n_fatality_proxy
2023-03,Western Equatoria,4,n_fatality_proxy
2023-04,Western Equatoria,4,n_fatality_proxy
2023-05,Western Equatoria,5,n_fatality_proxy
2023-06,Western Equatoria,4,n_fatality_proxy
2023-07,Western Equatoria,3,n_fatality_proxy
2023-08,Western Equatoria,5,n_fatality_proxy
2023-09,Western Equatoria,5,n_fatality_proxy
2023-10,Western Equatoria,4,n_fatality_proxy
2023-11,Western Equatoria,4,n_fatality_proxy
2023-12,Western Equatoria,4,n_fatality_proxy
2024-01,Western Equatoria,4,n_fatality_proxy
2024-02,Western Equatoria,3,n_fatality_proxy
2024-03,Western Equatoria,3,n_fatality_proxy
2024-04,Western Equatoria,4,n_fatality_proxy
2024-05,Western Equatoria,5,n_fatality_proxy
2024-06,Western Equatoria,4,n_fatality_proxy
2024-07,Western Equatoria,3,n_fatality_proxy
2024-08,Western Equatoria,4,n_fatality_proxy
2024-09,Western Equatoria,3,n_fatality_proxy
2024-10,Western Equatoria,4,n_fatality_proxy
2024-11,Western Equatoria,4,n_fatality_proxy
2024-12,Western Equatoria,4,n_fatality_proxy
2025-01,Western Equatoria,5,n_fatality_proxy
2025-02,Western Equatoria,4,n_fatality_proxy
2025-03,Western Equatoria,4,n_fatality_proxy
2025-04,Western Equatoria,4,n_fatality_proxy
2025-05,Western Equatoria,4,n_fatality_proxy
2025-06,Western Equatoria,4,n_fatality_proxy
2025-07,Western Equatoria,4,n_fatality_proxy
2025-08,Western Equatoria,3,n_fatality_proxy
2025-09,Western Equatoria,4,n_fatality_proxy
2025-10,Western Equatoria,2,n_fatality_proxy
2025-11,Western Equatoria,3,n_fatality_proxy
2025-12,Western Equatoria,4,n_fatality_proxy
2014-03,Central Equatoria,0,avg_tone_mean
2014-04,Central Equatoria,0,avg_tone_mean
2014-05,Central Equatoria,0,avg_tone_mean
2014-07,Central Equatoria,0,avg_tone_mean
2014-11,Central Equatoria,0,avg_tone_mean
2014-12,Central Equatoria,0,avg_tone_mean
2015-01,Central Equatoria,0,avg_tone_mean
2015-02,Central Equatoria,0,avg_tone_mean
2015-03,Central Equatoria,0,avg_tone_mean
2015-04,Central Equatoria,0,avg_tone_mean
2015-05,Central Equatoria,1,avg_tone_mean
2015-06,Central Equatoria,0,avg_tone_mean
2015-07,Central Equatoria,0,avg_tone_mean
2015-08,Central Equatoria,1,avg_tone_mean
2015-09,Central Equatoria,2,avg_tone_mean
2015-10,Central Equatoria,0,avg_tone_mean
2015-11,Central Equatoria,1,avg_tone_mean
2015-12,Central Equatoria,0,avg_tone_mean
2016-01,Central Equatoria,1,avg_tone_mean
2016-02,Central Equatoria,0,avg_tone_mean
2016-03,Central Equatoria,1,avg_tone_mean
2016-04,Central Equatoria,0,avg_tone_mean
2016-05,Central Equatoria,1,avg_tone_mean
2016-06,Central Equatoria,1,avg_tone_mean
2016-07,Central Equatoria,0,avg_tone_mean
2016-08,Central Equatoria,1,avg_tone_mean
2016-09,Central Equatoria,0,avg_tone_mean
2016-10,Central Equatoria,0,avg_tone_mean
2016-11,Central Equatoria,1,avg_tone_mean
2016-12,Central Equatoria,1,avg_tone_mean
2017-01,Central Equatoria,1,avg_tone_mean
2017-02,Central Equatoria,2,avg_tone_mean
2017-03,Central Equatoria,0,avg_tone_mean
2017-04,Central Equatoria,2,avg_tone_mean
2017-05,Central Equatoria,1,avg_tone_mean
2017-06,Central Equatoria,4,avg_tone_mean
2017-07,Central Equatoria,2,avg_tone_mean
2017-08,Central Equatoria,0,avg_tone_mean
2017-09,Central Equatoria,0,avg_tone_mean
2017-10,Central Equatoria,3,avg_tone_mean
2017-11,Central Equatoria,1,avg_tone_mean
2017-12,Central Equatoria,2,avg_tone_mean
2018-01,Central Equatoria,3,avg_tone_mean
2018-02,Central Equatoria,1,avg_tone_mean
2018-03,Central Equatoria,1,avg_tone_mean
2018-04,Central Equatoria,1,avg_tone_mean
2018-05,Central Equatoria,0,avg_tone_mean
2018-06,Central Equatoria,1,avg_tone_mean
2018-07,Central Equatoria,1,avg_tone_mean
2018-08,Central Equatoria,0,avg_tone_mean
2018-09,Central Equatoria,2,avg_tone_mean
2018-10,Central Equatoria,2,avg_tone_mean
2018-11,Central Equatoria,0,avg_tone_mean
2018-12,Central Equatoria,1,avg_tone_mean
2019-01,Central Equatoria,0,avg_tone_mean
2019-02,Central Equatoria,1,avg_tone_mean
2019-03,Central Equatoria,1,avg_tone_mean
2019-04,Central Equatoria,1,avg_tone_mean
2019-05,Central Equatoria,1,avg_tone_mean
2019-06,Central Equatoria,1,avg_tone_mean
2019-07,Central Equatoria,0,avg_tone_mean
2019-08,Central Equatoria,0,avg_tone_mean
2019-09,Central Equatoria,0,avg_tone_mean
2019-10,Central Equatoria,0,avg_tone_mean
2019-11,Central Equatoria,0,avg_tone_mean
2019-12,Central Equatoria,0,avg_tone_mean
2020-01,Central Equatoria,1,avg_tone_mean
2020-02,Central Equatoria,0,avg_tone_mean
2020-03,Central Equatoria,0,avg_tone_mean
2020-04,Central Equatoria,0,avg_tone_mean
2020-05,Central Equatoria,1,avg_tone_mean
2020-06,Central Equatoria,1,avg_tone_mean
2020-07,Central Equatoria,1,avg_tone_mean
2020-08,Central Equatoria,2,avg_tone_mean
2020-09,Central Equatoria,0,avg_tone_mean
2020-10,Central Equatoria,0,avg_tone_mean
2020-11,Central Equatoria,2,avg_tone_mean
2020-12,Central Equatoria,0,avg_tone_mean
2021-01,Central Equatoria,1,avg_tone_mean
2021-02,Central Equatoria,2,avg_tone_mean
2021-03,Central Equatoria,1,avg_tone_mean
2021-04,Central Equatoria,0,avg_tone_mean
2021-05,Central Equatoria,0,avg_tone_mean
2021-06,Central Equatoria,0,avg_tone_mean
2021-07,Central Equatoria,2,avg_tone_mean
2021-08,Central Equatoria,0,avg_tone_mean
2021-09,Central Equatoria,1,avg_tone_mean
2021-10,Central Equatoria,0,avg_tone_mean
2021-11,Central Equatoria,0,avg_tone_mean
2021-12,Central Equatoria,0,avg_tone_mean
2022-01,Central Equatoria,0,avg_tone_mean
2022-02,Central Equatoria,1,avg_tone_mean
2022-03,Central Equatoria,0,avg_tone_mean
2022-04,Central Equatoria,0,avg_tone_mean
2022-05,Central Equatoria,1,avg_tone_mean
2022-06,Central Equatoria,0,avg_tone_mean
2022-07,Central Equatoria,0,avg_tone_mean
2022-08,Central Equatoria,0,avg_tone_mean
2022-09,Central Equatoria,0,avg_tone_mean
2022-10,Central Equatoria,0,avg_tone_mean
2022-11,Central Equatoria,1,avg_tone_mean
2022-12,Central Equatoria,1,avg_tone_mean
2023-01,Central Equatoria,0,avg_tone_mean
2023-02,Central Equatoria,0,avg_tone_mean
2023-03,Central Equatoria,1,avg_tone_mean
2023-04,Central Equatoria,0,avg_tone_mean
2023-05,Central Equatoria,2,avg_tone_mean
2023-06,Central Equatoria,1,avg_tone_mean
2023-07,Central Equatoria,0,avg_tone_mean
2023-08,Central Equatoria,1,avg_tone_mean
2023-09,Central Equatoria,0,avg_tone_mean
2023-10,Central Equatoria,0,avg_tone_mean
2023-11,Central Equatoria,1,avg_tone_mean
2023-12,Central Equatoria,0,avg_tone_mean
2024-01,Central Equatoria,0,avg_tone_mean
2024-02,Central Equatoria,0,avg_tone_mean
2024-03,Central Equatoria,1,avg_tone_mean
2024-04,Central Equatoria,0,avg_tone_mean
2024-05,Central Equatoria,2,avg_tone_mean
2024-06,Central Equatoria,0,avg_tone_mean
2024-07,Central Equatoria,0,avg_tone_mean
2024-08,Central Equatoria,0,avg_tone_mean
2024-09,Central Equatoria,1,avg_tone_mean
2024-10,Central Equatoria,0,avg_tone_mean
2024-11,Central Equatoria,1,avg_tone_mean
2024-12,Central Equatoria,0,avg_tone_mean
2025-01,Central Equatoria,2,avg_tone_mean
2025-02,Central Equatoria,0,avg_tone_mean
2025-03,Central Equatoria,1,avg_tone_mean
2025-04,Central Equatoria,0,avg_tone_mean
2025-05,Central Equatoria,0,avg_tone_mean
2025-06,Central Equatoria,0,avg_tone_mean
2025-07,Central Equatoria,0,avg_tone_mean
2025-08,Central Equatoria,1,avg_tone_mean
2025-09,Central Equatoria,1,avg_tone_mean
2025-10,Central Equatoria,0,avg_tone_mean
2025-11,Central Equatoria,0,avg_tone_mean
2025-12,Central Equatoria,0,avg_tone_mean
2014-03,Eastern Equatoria,0,avg_tone_mean
2014-04,Eastern Equatoria,0,avg_tone_mean
2014-05,Eastern Equatoria,0,avg_tone_mean
2014-07,Eastern Equatoria,0,avg_tone_mean
2014-11,Eastern Equatoria,0,avg_tone_mean
2014-12,Eastern Equatoria,0,avg_tone_mean
2015-01,Eastern Equatoria,0,avg_tone_mean
2015-02,Eastern Equatoria,0,avg_tone_mean
2015-03,Eastern Equatoria,0,avg_tone_mean
2015-04,Eastern Equatoria,0,avg_tone_mean
2015-05,Eastern Equatoria,0,avg_tone_mean
2015-06,Eastern Equatoria,1,avg_tone_mean
2015-07,Eastern Equatoria,0,avg_tone_mean
2015-08,Eastern Equatoria,0,avg_tone_mean
2015-09,Eastern Equatoria,1,avg_tone_mean
2015-10,Eastern Equatoria,0,avg_tone_mean
2015-11,Eastern Equatoria,0,avg_tone_mean
2015-12,Eastern Equatoria,0,avg_tone_mean
2016-01,Eastern Equatoria,0,avg_tone_mean
2016-02,Eastern Equatoria,0,avg_tone_mean
2016-03,Eastern Equatoria,0,avg_tone_mean
2016-04,Eastern Equatoria,0,avg_tone_mean
2016-05,Eastern Equatoria,0,avg_tone_mean
2016-06,Eastern Equatoria,1,avg_tone_mean
2016-07,Eastern Equatoria,0,avg_tone_mean
2016-08,Eastern Equatoria,0,avg_tone_mean
2016-09,Eastern Equatoria,1,avg_tone_mean
2016-10,Eastern Equatoria,1,avg_tone_mean
2016-11,Eastern Equatoria,1,avg_tone_mean
2016-12,Eastern Equatoria,0,avg_tone_mean
2017-01,Eastern Equatoria,2,avg_tone_mean
2017-02,Eastern Equatoria,1,avg_tone_mean
2017-03,Eastern Equatoria,1,avg_tone_mean
2017-04,Eastern Equatoria,0,avg_tone_mean
2017-05,Eastern Equatoria,1,avg_tone_mean
2017-06,Eastern Equatoria,0,avg_tone_mean
2017-07,Eastern Equatoria,2,avg_tone_mean
2017-08,Eastern Equatoria,1,avg_tone_mean
2017-09,Eastern Equatoria,0,avg_tone_mean
2017-10,Eastern Equatoria,0,avg_tone_mean
2017-11,Eastern Equatoria,0,avg_tone_mean
2017-12,Eastern Equatoria,1,avg_tone_mean
2018-01,Eastern Equatoria,1,avg_tone_mean
2018-02,Eastern Equatoria,0,avg_tone_mean
2018-03,Eastern Equatoria,0,avg_tone_mean
2018-04,Eastern Equatoria,1,avg_tone_mean
2018-05,Eastern Equatoria,0,avg_tone_mean
2018-06,Eastern Equatoria,1,avg_tone_mean
2018-07,Eastern Equatoria,0,avg_tone_mean
2018-08,Eastern Equatoria,0,avg_tone_mean
2018-09,Eastern Equatoria,1,avg_tone_mean
2018-10,Eastern Equatoria,0,avg_tone_mean
2018-11,Eastern Equatoria,0,avg_tone_mean
2018-12,Eastern Equatoria,0,avg_tone_mean
2019-01,Eastern Equatoria,0,avg_tone_mean
2019-02,Eastern Equatoria,0,avg_tone_mean
2019-03,Eastern Equatoria,1,avg_tone_mean
2019-04,Eastern Equatoria,1,avg_tone_mean
2019-05,Eastern Equatoria,1,avg_tone_mean
2019-06,Eastern Equatoria,0,avg_tone_mean
2019-07,Eastern Equatoria,0,avg_tone_mean
2019-08,Eastern Equatoria,0,avg_tone_mean
2019-09,Eastern Equatoria,0,avg_tone_mean
2019-10,Eastern Equatoria,0,avg_tone_mean
2019-11,Eastern Equatoria,0,avg_tone_mean
2019-12,Eastern Equatoria,1,avg_tone_mean
2020-01,Eastern Equatoria,0,avg_tone_mean
2020-02,Eastern Equatoria,1,avg_tone_mean
2020-03,Eastern Equatoria,0,avg_tone_mean
2020-04,Eastern Equatoria,0,avg_tone_mean
2020-05,Eastern Equatoria,1,avg_tone_mean
2020-06,Eastern Equatoria,0,avg_tone_mean
2020-07,Eastern Equatoria,0,avg_tone_mean
2020-08,Eastern Equatoria,0,avg_tone_mean
2020-09,Eastern Equatoria,0,avg_tone_mean
2020-10,Eastern Equatoria,0,avg_tone_mean
2020-11,Eastern Equatoria,2,avg_tone_mean
2020-12,Eastern Equatoria,1,avg_tone_mean
2021-01,Eastern Equatoria,0,avg_tone_mean
2021-02,Eastern Equatoria,0,avg_tone_mean
2021-03,Eastern Equatoria,0,avg_tone_mean
2021-04,Eastern Equatoria,0,avg_tone_mean
2021-05,Eastern Equatoria,0,avg_tone_mean
2021-06,Eastern Equatoria,0,avg_tone_mean
2021-07,Eastern Equatoria,0,avg_tone_mean
2021-08,Eastern Equatoria,0,avg_tone_mean
2021-09,Eastern Equatoria,0,avg_tone_mean
2021-10,Eastern Equatoria,0,avg_tone_mean
2021-11,Eastern Equatoria,0,avg_tone_mean
2021-12,Eastern Equatoria,0,avg_tone_mean
2022-01,Eastern Equatoria,0,avg_tone_mean
2022-02,Eastern Equatoria,1,avg_tone_mean
2022-03,Eastern Equatoria,0,avg_tone_mean
2022-04,Eastern Equatoria,0,avg_tone_mean
2022-05,Eastern Equatoria,0,avg_tone_mean
2022-06,Eastern Equatoria,0,avg_tone_mean
2022-07,Eastern Equatoria,0,avg_tone_mean
2022-08,Eastern Equatoria,0,avg_tone_mean
2022-09,Eastern Equatoria,0,avg_tone_mean
2022-10,Eastern Equatoria,0,avg_tone_mean
2022-11,Eastern Equatoria,0,avg_tone_mean
2022-12,Eastern Equatoria,0,avg_tone_mean
2023-01,Eastern Equatoria,0,avg_tone_mean
2023-02,Eastern Equatoria,0,avg_tone_mean
2023-03,Eastern Equatoria,0,avg_tone_mean
2023-04,Eastern Equatoria,0,avg_tone_mean
2023-05,Eastern Equatoria,1,avg_tone_mean
2023-06,Eastern Equatoria,0,avg_tone_mean
2023-07,Eastern Equatoria,0,avg_tone_mean
2023-08,Eastern Equatoria,0,avg_tone_mean
2023-09,Eastern Equatoria,0,avg_tone_mean
2023-10,Eastern Equatoria,0,avg_tone_mean
2023-11,Eastern Equatoria,0,avg_tone_mean
2023-12,Eastern Equatoria,0,avg_tone_mean
2024-01,Eastern Equatoria,1,avg_tone_mean
2024-02,Eastern Equatoria,0,avg_tone_mean
2024-03,Eastern Equatoria,1,avg_tone_mean
2024-04,Eastern Equatoria,0,avg_tone_mean
2024-05,Eastern Equatoria,0,avg_tone_mean
2024-06,Eastern Equatoria,0,avg_tone_mean
2024-07,Eastern Equatoria,0,avg_tone_mean
2024-08,Eastern Equatoria,0,avg_tone_mean
2024-09,Eastern Equatoria,0,avg_tone_mean
2024-10,Eastern Equatoria,0,avg_tone_mean
2024-11,Eastern Equatoria,0,avg_tone_mean
2024-12,Eastern Equatoria,0,avg_tone_mean
2025-01,Eastern Equatoria,0,avg_tone_mean
2025-02,Eastern Equatoria,0,avg_tone_mean
2025-03,Eastern Equatoria,1,avg_tone_mean
2025-04,Eastern Equatoria,0,avg_tone_mean
2025-05,Eastern Equatoria,0,avg_tone_mean
2025-06,Eastern Equatoria,0,avg_tone_mean
2025-07,Eastern Equatoria,1,avg_tone_mean
2025-08,Eastern Equatoria,0,avg_tone_mean
2025-09,Eastern Equatoria,0,avg_tone_mean
2025-10,Eastern Equatoria,0,avg_tone_mean
2025-11,Eastern Equatoria,0,avg_tone_mean
2025-12,Eastern Equatoria,0,avg_tone_mean
2014-03,Jonglei,0,avg_tone_mean
2014-04,Jonglei,0,avg_tone_mean
2014-05,Jonglei,0,avg_tone_mean
2014-07,Jonglei,0,avg_tone_mean
2014-11,Jonglei,0,avg_tone_mean
2014-12,Jonglei,1,avg_tone_mean
2015-01,Jonglei,0,avg_tone_mean
2015-02,Jonglei,0,avg_tone_mean
2015-03,Jonglei,1,avg_tone_mean
2015-04,Jonglei,1,avg_tone_mean
2015-05,Jonglei,0,avg_tone_mean
2015-06,Jonglei,0,avg_tone_mean
2015-07,Jonglei,0,avg_tone_mean
2015-08,Jonglei,0,avg_tone_mean
2015-09,Jonglei,0,avg_tone_mean
2015-10,Jonglei,0,avg_tone_mean
2015-11,Jonglei,0,avg_tone_mean
2015-12,Jonglei,0,avg_tone_mean
2016-01,Jonglei,0,avg_tone_mean
2016-02,Jonglei,0,avg_tone_mean
2016-03,Jonglei,1,avg_tone_mean
2016-04,Jonglei,0,avg_tone_mean
2016-05,Jonglei,0,avg_tone_mean
2016-06,Jonglei,0,avg_tone_mean
2016-07,Jonglei,0,avg_tone_mean
2016-08,Jonglei,1,avg_tone_mean
2016-09,Jonglei,0,avg_tone_mean
2016-10,Jonglei,0,avg_tone_mean
2016-11,Jonglei,0,avg_tone_mean
2016-12,Jonglei,1,avg_tone_mean
2017-01,Jonglei,0,avg_tone_mean
2017-02,Jonglei,1,avg_tone_mean
2017-03,Jonglei,0,avg_tone_mean
2017-04,Jonglei,1,avg_tone_mean
2017-05,Jonglei,0,avg_tone_mean
2017-06,Jonglei,0,avg_tone_mean
2017-07,Jonglei,0,avg_tone_mean
2017-08,Jonglei,0,avg_tone_mean
2017-09,Jonglei,0,avg_tone_mean
2017-10,Jonglei,1,avg_tone_mean
2017-11,Jonglei,2,avg_tone_mean
2017-12,Jonglei,1,avg_tone_mean
2018-01,Jonglei,2,avg_tone_mean
2018-02,Jonglei,1,avg_tone_mean
2018-03,Jonglei,0,avg_tone_mean
2018-04,Jonglei,0,avg_tone_mean
2018-05,Jonglei,0,avg_tone_mean
2018-06,Jonglei,1,avg_tone_mean
2018-07,Jonglei,2,avg_tone_mean
2018-08,Jonglei,0,avg_tone_mean
2018-09,Jonglei,0,avg_tone_mean
2018-10,Jonglei,0,avg_tone_mean
2018-11,Jonglei,0,avg_tone_mean
2018-12,Jonglei,1,avg_tone_mean
2019-01,Jonglei,1,avg_tone_mean
2019-02,Jonglei,2,avg_tone_mean
2019-03,Jonglei,0,avg_tone_mean
2019-04,Jonglei,0,avg_tone_mean
2019-05,Jonglei,1,avg_tone_mean
2019-06,Jonglei,0,avg_tone_mean
2019-07,Jonglei,0,avg_tone_mean
2019-08,Jonglei,0,avg_tone_mean
2019-09,Jonglei,0,avg_tone_mean
2019-10,Jonglei,0,avg_tone_mean
2019-11,Jonglei,0,avg_tone_mean
2019-12,Jonglei,0,avg_tone_mean
2020-01,Jonglei,1,avg_tone_mean
2020-02,Jonglei,1,avg_tone_mean
2020-03,Jonglei,1,avg_tone_mean
2020-04,Jonglei,0,avg_tone_mean
2020-05,Jonglei,2,avg_tone_mean
2020-06,Jonglei,0,avg_tone_mean
2020-07,Jonglei,1,avg_tone_mean
2020-08,Jonglei,0,avg_tone_mean
2020-09,Jonglei,0,avg_tone_mean
2020-10,Jonglei,0,avg_tone_mean
2020-11,Jonglei,1,avg_tone_mean
2020-12,Jonglei,0,avg_tone_mean
2021-01,Jonglei,1,avg_tone_mean
2021-02,Jonglei,0,avg_tone_mean
2021-03,Jonglei,0,avg_tone_mean
2021-04,Jonglei,0,avg_tone_mean
2021-05,Jonglei,0,avg_tone_mean
2021-06,Jonglei,0,avg_tone_mean
2021-07,Jonglei,0,avg_tone_mean
2021-08,Jonglei,1,avg_tone_mean
2021-09,Jonglei,0,avg_tone_mean
2021-10,Jonglei,1,avg_tone_mean
2021-11,Jonglei,1,avg_tone_mean
2021-12,Jonglei,1,avg_tone_mean
2022-01,Jonglei,0,avg_tone_mean
2022-02,Jonglei,0,avg_tone_mean
2022-03,Jonglei,0,avg_tone_mean
2022-04,Jonglei,1,avg_tone_mean
2022-05,Jonglei,0,avg_tone_mean
2022-06,Jonglei,0,avg_tone_mean
2022-07,Jonglei,0,avg_tone_mean
2022-08,Jonglei,0,avg_tone_mean
2022-09,Jonglei,0,avg_tone_mean
2022-10,Jonglei,1,avg_tone_mean
2022-11,Jonglei,0,avg_tone_mean
2022-12,Jonglei,1,avg_tone_mean
2023-01,Jonglei,0,avg_tone_mean
2023-02,Jonglei,0,avg_tone_mean
2023-03,Jonglei,0,avg_tone_mean
2023-04,Jonglei,0,avg_tone_mean
2023-05,Jonglei,0,avg_tone_mean
2023-06,Jonglei,0,avg_tone_mean
2023-07,Jonglei,0,avg_tone_mean
2023-08,Jonglei,0,avg_tone_mean
2023-09,Jonglei,0,avg_tone_mean
2023-10,Jonglei,0,avg_tone_mean
2023-11,Jonglei,1,avg_tone_mean
2023-12,Jonglei,1,avg_tone_mean
2024-01,Jonglei,0,avg_tone_mean
2024-02,Jonglei,0,avg_tone_mean
2024-03,Jonglei,0,avg_tone_mean
2024-04,Jonglei,0,avg_tone_mean
2024-05,Jonglei,1,avg_tone_mean
2024-06,Jonglei,0,avg_tone_mean
2024-07,Jonglei,0,avg_tone_mean
2024-08,Jonglei,0,avg_tone_mean
2024-09,Jonglei,0,avg_tone_mean
2024-10,Jonglei,0,avg_tone_mean
2024-11,Jonglei,0,avg_tone_mean
2024-12,Jonglei,0,avg_tone_mean
2025-01,Jonglei,0,avg_tone_mean
2025-02,Jonglei,0,avg_tone_mean
2025-03,Jonglei,1,avg_tone_mean
2025-04,Jonglei,0,avg_tone_mean
2025-05,Jonglei,0,avg_tone_mean
2025-06,Jonglei,0,avg_tone_mean
2025-07,Jonglei,0,avg_tone_mean
2025-08,Jonglei,0,avg_tone_mean
2025-09,Jonglei,0,avg_tone_mean
2025-10,Jonglei,0,avg_tone_mean
2025-11,Jonglei,0,avg_tone_mean
2025-12,Jonglei,1,avg_tone_mean
2014-03,Lakes,0,avg_tone_mean
2014-04,Lakes,0,avg_tone_mean
2014-05,Lakes,0,avg_tone_mean
2014-07,Lakes,0,avg_tone_mean
2014-11,Lakes,0,avg_tone_mean
2014-12,Lakes,0,avg_tone_mean
2015-01,Lakes,0,avg_tone_mean
2015-02,Lakes,0,avg_tone_mean
2015-03,Lakes,0,avg_tone_mean
2015-04,Lakes,0,avg_tone_mean
2015-05,Lakes,0,avg_tone_mean
2015-06,Lakes,2,avg_tone_mean
2015-07,Lakes,0,avg_tone_mean
2015-08,Lakes,0,avg_tone_mean
2015-09,Lakes,0,avg_tone_mean
2015-10,Lakes,0,avg_tone_mean
2015-11,Lakes,0,avg_tone_mean
2015-12,Lakes,1,avg_tone_mean
2016-01,Lakes,0,avg_tone_mean
2016-02,Lakes,0,avg_tone_mean
2016-03,Lakes,0,avg_tone_mean
2016-04,Lakes,0,avg_tone_mean
2016-05,Lakes,0,avg_tone_mean
2016-06,Lakes,0,avg_tone_mean
2016-07,Lakes,0,avg_tone_mean
2016-08,Lakes,0,avg_tone_mean
2016-09,Lakes,0,avg_tone_mean
2016-10,Lakes,1,avg_tone_mean
2016-11,Lakes,0,avg_tone_mean
2016-12,Lakes,0,avg_tone_mean
2017-01,Lakes,0,avg_tone_mean
2017-02,Lakes,0,avg_tone_mean
2017-03,Lakes,0,avg_tone_mean
2017-04,Lakes,1,avg_tone_mean
2017-05,Lakes,1,avg_tone_mean
2017-06,Lakes,0,avg_tone_mean
2017-07,Lakes,0,avg_tone_mean
2017-08,Lakes,0,avg_tone_mean
2017-09,Lakes,1,avg_tone_mean
2017-10,Lakes,0,avg_tone_mean
2017-11,Lakes,0,avg_tone_mean
2017-12,Lakes,0,avg_tone_mean
2018-01,Lakes,0,avg_tone_mean
2018-02,Lakes,0,avg_tone_mean
2018-03,Lakes,0,avg_tone_mean
2018-04,Lakes,1,avg_tone_mean
2018-05,Lakes,0,avg_tone_mean
2018-06,Lakes,0,avg_tone_mean
2018-07,Lakes,0,avg_tone_mean
2018-08,Lakes,0,avg_tone_mean
2018-09,Lakes,0,avg_tone_mean
2018-10,Lakes,1,avg_tone_mean
2018-11,Lakes,1,avg_tone_mean
2018-12,Lakes,0,avg_tone_mean
2019-01,Lakes,0,avg_tone_mean
2019-02,Lakes,0,avg_tone_mean
2019-03,Lakes,0,avg_tone_mean
2019-04,Lakes,0,avg_tone_mean
2019-05,Lakes,0,avg_tone_mean
2019-06,Lakes,0,avg_tone_mean
2019-07,Lakes,0,avg_tone_mean
2019-08,Lakes,0,avg_tone_mean
2019-09,Lakes,0,avg_tone_mean
2019-10,Lakes,0,avg_tone_mean
2019-11,Lakes,0,avg_tone_mean
2019-12,Lakes,1,avg_tone_mean
2020-01,Lakes,0,avg_tone_mean
2020-02,Lakes,0,avg_tone_mean
2020-03,Lakes,0,avg_tone_mean
2020-04,Lakes,0,avg_tone_mean
2020-05,Lakes,1,avg_tone_mean
2020-06,Lakes,0,avg_tone_mean
2020-07,Lakes,1,avg_tone_mean
2020-08,Lakes,0,avg_tone_mean
2020-09,Lakes,0,avg_tone_mean
2020-10,Lakes,0,avg_tone_mean
2020-11,Lakes,0,avg_tone_mean
2020-12,Lakes,0,avg_tone_mean
2021-01,Lakes,1,avg_tone_mean
2021-02,Lakes,0,avg_tone_mean
2021-03,Lakes,0,avg_tone_mean
2021-04,Lakes,1,avg_tone_mean
2021-05,Lakes,0,avg_tone_mean
2021-06,Lakes,1,avg_tone_mean
2021-07,Lakes,0,avg_tone_mean
2021-08,Lakes,1,avg_tone_mean
2021-09,Lakes,0,avg_tone_mean
2021-10,Lakes,1,avg_tone_mean
2021-11,Lakes,1,avg_tone_mean
2021-12,Lakes,0,avg_tone_mean
2022-01,Lakes,0,avg_tone_mean
2022-02,Lakes,1,avg_tone_mean
2022-03,Lakes,0,avg_tone_mean
2022-04,Lakes,0,avg_tone_mean
2022-05,Lakes,0,avg_tone_mean
2022-06,Lakes,1,avg_tone_mean
2022-07,Lakes,0,avg_tone_mean
2022-08,Lakes,0,avg_tone_mean
2022-09,Lakes,0,avg_tone_mean
2022-10,Lakes,0,avg_tone_mean
2022-11,Lakes,0,avg_tone_mean
2022-12,Lakes,0,avg_tone_mean
2023-01,Lakes,0,avg_tone_mean
2023-02,Lakes,0,avg_tone_mean
2023-03,Lakes,0,avg_tone_mean
2023-04,Lakes,0,avg_tone_mean
2023-05,Lakes,0,avg_tone_mean
2023-06,Lakes,0,avg_tone_mean
2023-07,Lakes,0,avg_tone_mean
2023-08,Lakes,0,avg_tone_mean
2023-09,Lakes,0,avg_tone_mean
2023-10,Lakes,0,avg_tone_mean
2023-11,Lakes,0,avg_tone_mean
2023-12,Lakes,0,avg_tone_mean
2024-01,Lakes,0,avg_tone_mean
2024-02,Lakes,0,avg_tone_mean
2024-03,Lakes,0,avg_tone_mean
2024-04,Lakes,0,avg_tone_mean
2024-05,Lakes,0,avg_tone_mean
2024-06,Lakes,0,avg_tone_mean
2024-07,Lakes,0,avg_tone_mean
2024-08,Lakes,0,avg_tone_mean
2024-09,Lakes,0,avg_tone_mean
2024-10,Lakes,0,avg_tone_mean
2024-11,Lakes,1,avg_tone_mean
2024-12,Lakes,1,avg_tone_mean
2025-01,Lakes,0,avg_tone_mean
2025-02,Lakes,0,avg_tone_mean
2025-03,Lakes,0,avg_tone_mean
2025-04,Lakes,1,avg_tone_mean
2025-05,Lakes,0,avg_tone_mean
2025-06,Lakes,0,avg_tone_mean
2025-07,Lakes,0,avg_tone_mean
2025-08,Lakes,0,avg_tone_mean
2025-09,Lakes,0,avg_tone_mean
2025-10,Lakes,0,avg_tone_mean
2025-11,Lakes,1,avg_tone_mean
2025-12,Lakes,0,avg_tone_mean
2014-03,Northern Bahr el Ghazal,0,avg_tone_mean
2014-04,Northern Bahr el Ghazal,0,avg_tone_mean
2014-05,Northern Bahr el Ghazal,0,avg_tone_mean
2014-07,Northern Bahr el Ghazal,0,avg_tone_mean
2014-11,Northern Bahr el Ghazal,0,avg_tone_mean
2014-12,Northern Bahr el Ghazal,0,avg_tone_mean
2015-01,Northern Bahr el Ghazal,0,avg_tone_mean
2015-02,Northern Bahr el Ghazal,0,avg_tone_mean
2015-03,Northern Bahr el Ghazal,0,avg_tone_mean
2015-04,Northern Bahr el Ghazal,0,avg_tone_mean
2015-05,Northern Bahr el Ghazal,1,avg_tone_mean
2015-06,Northern Bahr el Ghazal,0,avg_tone_mean
2015-07,Northern Bahr el Ghazal,0,avg_tone_mean
2015-08,Northern Bahr el Ghazal,0,avg_tone_mean
2015-09,Northern Bahr el Ghazal,1,avg_tone_mean
2015-10,Northern Bahr el Ghazal,0,avg_tone_mean
2015-11,Northern Bahr el Ghazal,0,avg_tone_mean
2015-12,Northern Bahr el Ghazal,0,avg_tone_mean
2016-01,Northern Bahr el Ghazal,0,avg_tone_mean
2016-02,Northern Bahr el Ghazal,0,avg_tone_mean
2016-03,Northern Bahr el Ghazal,0,avg_tone_mean
2016-04,Northern Bahr el Ghazal,0,avg_tone_mean
2016-05,Northern Bahr el Ghazal,0,avg_tone_mean
2016-06,Northern Bahr el Ghazal,2,avg_tone_mean
2016-07,Northern Bahr el Ghazal,0,avg_tone_mean
2016-08,Northern Bahr el Ghazal,0,avg_tone_mean
2016-09,Northern Bahr el Ghazal,0,avg_tone_mean
2016-10,Northern Bahr el Ghazal,1,avg_tone_mean
2016-11,Northern Bahr el Ghazal,1,avg_tone_mean
2016-12,Northern Bahr el Ghazal,1,avg_tone_mean
2017-01,Northern Bahr el Ghazal,0,avg_tone_mean
2017-02,Northern Bahr el Ghazal,0,avg_tone_mean
2017-03,Northern Bahr el Ghazal,1,avg_tone_mean
2017-04,Northern Bahr el Ghazal,1,avg_tone_mean
2017-05,Northern Bahr el Ghazal,0,avg_tone_mean
2017-06,Northern Bahr el Ghazal,1,avg_tone_mean
2017-07,Northern Bahr el Ghazal,1,avg_tone_mean
2017-08,Northern Bahr el Ghazal,1,avg_tone_mean
2017-09,Northern Bahr el Ghazal,0,avg_tone_mean
2017-10,Northern Bahr el Ghazal,0,avg_tone_mean
2017-11,Northern Bahr el Ghazal,2,avg_tone_mean
2017-12,Northern Bahr el Ghazal,3,avg_tone_mean
2018-01,Northern Bahr el Ghazal,0,avg_tone_mean
2018-02,Northern Bahr el Ghazal,0,avg_tone_mean
2018-03,Northern Bahr el Ghazal,0,avg_tone_mean
2018-04,Northern Bahr el Ghazal,0,avg_tone_mean
2018-05,Northern Bahr el Ghazal,0,avg_tone_mean
2018-06,Northern Bahr el Ghazal,0,avg_tone_mean
2018-07,Northern Bahr el Ghazal,0,avg_tone_mean
2018-08,Northern Bahr el Ghazal,1,avg_tone_mean
2018-09,Northern Bahr el Ghazal,1,avg_tone_mean
2018-10,Northern Bahr el Ghazal,1,avg_tone_mean
2018-11,Northern Bahr el Ghazal,0,avg_tone_mean
2018-12,Northern Bahr el Ghazal,2,avg_tone_mean
2019-01,Northern Bahr el Ghazal,1,avg_tone_mean
2019-02,Northern Bahr el Ghazal,0,avg_tone_mean
2019-03,Northern Bahr el Ghazal,1,avg_tone_mean
2019-04,Northern Bahr el Ghazal,0,avg_tone_mean
2019-05,Northern Bahr el Ghazal,0,avg_tone_mean
2019-06,Northern Bahr el Ghazal,0,avg_tone_mean
2019-07,Northern Bahr el Ghazal,0,avg_tone_mean
2019-08,Northern Bahr el Ghazal,0,avg_tone_mean
2019-09,Northern Bahr el Ghazal,0,avg_tone_mean
2019-10,Northern Bahr el Ghazal,0,avg_tone_mean
2019-11,Northern Bahr el Ghazal,0,avg_tone_mean
2019-12,Northern Bahr el Ghazal,0,avg_tone_mean
2020-01,Northern Bahr el Ghazal,2,avg_tone_mean
2020-02,Northern Bahr el Ghazal,1,avg_tone_mean
2020-03,Northern Bahr el Ghazal,1,avg_tone_mean
2020-04,Northern Bahr el Ghazal,0,avg_tone_mean
2020-05,Northern Bahr el Ghazal,0,avg_tone_mean
2020-06,Northern Bahr el Ghazal,0,avg_tone_mean
2020-07,Northern Bahr el Ghazal,0,avg_tone_mean
2020-08,Northern Bahr el Ghazal,1,avg_tone_mean
2020-09,Northern Bahr el Ghazal,0,avg_tone_mean
2020-10,Northern Bahr el Ghazal,0,avg_tone_mean
2020-11,Northern Bahr el Ghazal,0,avg_tone_mean
2020-12,Northern Bahr el Ghazal,1,avg_tone_mean
2021-01,Northern Bahr el Ghazal,0,avg_tone_mean
2021-02,Northern Bahr el Ghazal,0,avg_tone_mean
2021-03,Northern Bahr el Ghazal,0,avg_tone_mean
2021-04,Northern Bahr el Ghazal,0,avg_tone_mean
2021-05,Northern Bahr el Ghazal,0,avg_tone_mean
2021-06,Northern Bahr el Ghazal,0,avg_tone_mean
2021-07,Northern Bahr el Ghazal,0,avg_tone_mean
2021-08,Northern Bahr el Ghazal,0,avg_tone_mean
2021-09,Northern Bahr el Ghazal,0,avg_tone_mean
2021-10,Northern Bahr el Ghazal,0,avg_tone_mean
2021-11,Northern Bahr el Ghazal,0,avg_tone_mean
2021-12,Northern Bahr el Ghazal,0,avg_tone_mean
2022-01,Northern Bahr el Ghazal,1,avg_tone_mean
2022-02,Northern Bahr el Ghazal,0,avg_tone_mean
2022-03,Northern Bahr el Ghazal,0,avg_tone_mean
2022-04,Northern Bahr el Ghazal,0,avg_tone_mean
2022-05,Northern Bahr el Ghazal,0,avg_tone_mean
2022-06,Northern Bahr el Ghazal,0,avg_tone_mean
2022-07,Northern Bahr el Ghazal,1,avg_tone_mean
2022-08,Northern Bahr el Ghazal,0,avg_tone_mean
2022-09,Northern Bahr el Ghazal,0,avg_tone_mean
2022-10,Northern Bahr el Ghazal,0,avg_tone_mean
2022-11,Northern Bahr el Ghazal,1,avg_tone_mean
2022-12,Northern Bahr el Ghazal,0,avg_tone_mean
2023-01,Northern Bahr el Ghazal,0,avg_tone_mean
2023-02,Northern Bahr el Ghazal,0,avg_tone_mean
2023-03,Northern Bahr el Ghazal,0,avg_tone_mean
2023-04,Northern Bahr el Ghazal,0,avg_tone_mean
2023-05,Northern Bahr el Ghazal,0,avg_tone_mean
2023-06,Northern Bahr el Ghazal,0,avg_tone_mean
2023-07,Northern Bahr el Ghazal,0,avg_tone_mean
2023-08,Northern Bahr el Ghazal,0,avg_tone_mean
2023-09,Northern Bahr el Ghazal,0,avg_tone_mean
2023-10,Northern Bahr el Ghazal,0,avg_tone_mean
2023-11,Northern Bahr el Ghazal,0,avg_tone_mean
2023-12,Northern Bahr el Ghazal,0,avg_tone_mean
2024-01,Northern Bahr el Ghazal,0,avg_tone_mean
2024-02,Northern Bahr el Ghazal,0,avg_tone_mean
2024-03,Northern Bahr el Ghazal,0,avg_tone_mean
2024-04,Northern Bahr el Ghazal,0,avg_tone_mean
2024-05,Northern Bahr el Ghazal,0,avg_tone_mean
2024-06,Northern Bahr el Ghazal,0,avg_tone_mean
2024-07,Northern Bahr el Ghazal,0,avg_tone_mean
2024-08,Northern Bahr el Ghazal,0,avg_tone_mean
2024-09,Northern Bahr el Ghazal,0,avg_tone_mean
2024-10,Northern Bahr el Ghazal,0,avg_tone_mean
2024-11,Northern Bahr el Ghazal,0,avg_tone_mean
2024-12,Northern Bahr el Ghazal,0,avg_tone_mean
2025-01,Northern Bahr el Ghazal,0,avg_tone_mean
2025-02,Northern Bahr el Ghazal,0,avg_tone_mean
2025-03,Northern Bahr el Ghazal,0,avg_tone_mean
2025-04,Northern Bahr el Ghazal,0,avg_tone_mean
2025-05,Northern Bahr el Ghazal,0,avg_tone_mean
2025-06,Northern Bahr el Ghazal,0,avg_tone_mean
2025-07,Northern Bahr el Ghazal,0,avg_tone_mean
2025-08,Northern Bahr el Ghazal,0,avg_tone_mean
2025-09,Northern Bahr el Ghazal,0,avg_tone_mean
2025-10,Northern Bahr el Ghazal,0,avg_tone_mean
2025-11,Northern Bahr el Ghazal,0,avg_tone_mean
2025-12,Northern Bahr el Ghazal,0,avg_tone_mean
2014-03,Unity,0,avg_tone_mean
2014-04,Unity,0,avg_tone_mean
2014-05,Unity,0,avg_tone_mean
2014-07,Unity,0,avg_tone_mean
2014-11,Unity,0,avg_tone_mean
2014-12,Unity,0,avg_tone_mean
2015-01,Unity,0,avg_tone_mean
2015-02,Unity,0,avg_tone_mean
2015-03,Unity,0,avg_tone_mean
2015-04,Unity,0,avg_tone_mean
2015-05,Unity,0,avg_tone_mean
2015-06,Unity,2,avg_tone_mean
2015-07,Unity,1,avg_tone_mean
2015-08,Unity,0,avg_tone_mean
2015-09,Unity,1,avg_tone_mean
2015-10,Unity,1,avg_tone_mean
2015-11,Unity,1,avg_tone_mean
2015-12,Unity,0,avg_tone_mean
2016-01,Unity,0,avg_tone_mean
2016-02,Unity,1,avg_tone_mean
2016-03,Unity,1,avg_tone_mean
2016-04,Unity,0,avg_tone_mean
2016-05,Unity,0,avg_tone_mean
2016-06,Unity,1,avg_tone_mean
2016-07,Unity,1,avg_tone_mean
2016-08,Unity,1,avg_tone_mean
2016-09,Unity,1,avg_tone_mean
2016-10,Unity,1,avg_tone_mean
2016-11,Unity,0,avg_tone_mean
2016-12,Unity,0,avg_tone_mean
2017-01,Unity,0,avg_tone_mean
2017-02,Unity,1,avg_tone_mean
2017-03,Unity,0,avg_tone_mean
2017-04,Unity,0,avg_tone_mean
2017-05,Unity,1,avg_tone_mean
2017-06,Unity,1,avg_tone_mean
2017-07,Unity,1,avg_tone_mean
2017-08,Unity,1,avg_tone_mean
2017-09,Unity,1,avg_tone_mean
2017-10,Unity,0,avg_tone_mean
2017-11,Unity,0,avg_tone_mean
2017-12,Unity,1,avg_tone_mean
2018-01,Unity,0,avg_tone_mean
2018-02,Unity,0,avg_tone_mean
2018-03,Unity,0,avg_tone_mean
2018-04,Unity,0,avg_tone_mean
2018-05,Unity,0,avg_tone_mean
2018-06,Unity,2,avg_tone_mean
2018-07,Unity,1,avg_tone_mean
2018-08,Unity,0,avg_tone_mean
2018-09,Unity,1,avg_tone_mean
2018-10,Unity,1,avg_tone_mean
2018-11,Unity,0,avg_tone_mean
2018-12,Unity,0,avg_tone_mean
2019-01,Unity,0,avg_tone_mean
2019-02,Unity,0,avg_tone_mean
2019-03,Unity,0,avg_tone_mean
2019-04,Unity,0,avg_tone_mean
2019-05,Unity,0,avg_tone_mean
2019-06,Unity,0,avg_tone_mean
2019-07,Unity,1,avg_tone_mean
2019-08,Unity,0,avg_tone_mean
2019-09,Unity,0,avg_tone_mean
2019-10,Unity,0,avg_tone_mean
2019-11,Unity,1,avg_tone_mean
2019-12,Unity,0,avg_tone_mean
2020-01,Unity,0,avg_tone_mean
2020-02,Unity,0,avg_tone_mean
2020-03,Unity,0,avg_tone_mean
2020-04,Unity,0,avg_tone_mean
2020-05,Unity,0,avg_tone_mean
2020-06,Unity,0,avg_tone_mean
2020-07,Unity,0,avg_tone_mean
2020-08,Unity,0,avg_tone_mean
2020-09,Unity,0,avg_tone_mean
2020-10,Unity,0,avg_tone_mean
2020-11,Unity,0,avg_tone_mean
2020-12,Unity,0,avg_tone_mean
2021-01,Unity,0,avg_tone_mean
2021-02,Unity,0,avg_tone_mean
2021-03,Unity,0,avg_tone_mean
2021-04,Unity,0,avg_tone_mean
2021-05,Unity,0,avg_tone_mean
2021-06,Unity,0,avg_tone_mean
2021-07,Unity,2,avg_tone_mean
2021-08,Unity,0,avg_tone_mean
2021-09,Unity,0,avg_tone_mean
2021-10,Unity,1,avg_tone_mean
2021-11,Unity,1,avg_tone_mean
2021-12,Unity,1,avg_tone_mean
2022-01,Unity,0,avg_tone_mean
2022-02,Unity,0,avg_tone_mean
2022-03,Unity,1,avg_tone_mean
2022-04,Unity,1,avg_tone_mean
2022-05,Unity,0,avg_tone_mean
2022-06,Unity,0,avg_tone_mean
2022-07,Unity,0,avg_tone_mean
2022-08,Unity,0,avg_tone_mean
2022-09,Unity,0,avg_tone_mean
2022-10,Unity,0,avg_tone_mean
2022-11,Unity,0,avg_tone_mean
2022-12,Unity,0,avg_tone_mean
2023-01,Unity,0,avg_tone_mean
2023-02,Unity,1,avg_tone_mean
2023-03,Unity,0,avg_tone_mean
2023-04,Unity,0,avg_tone_mean
2023-05,Unity,0,avg_tone_mean
2023-06,Unity,1,avg_tone_mean
2023-07,Unity,1,avg_tone_mean
2023-08,Unity,0,avg_tone_mean
2023-09,Unity,1,avg_tone_mean
2023-10,Unity,0,avg_tone_mean
2023-11,Unity,1,avg_tone_mean
2023-12,Unity,0,avg_tone_mean
2024-01,Unity,0,avg_tone_mean
2024-02,Unity,0,avg_tone_mean
2024-03,Unity,0,avg_tone_mean
2024-04,Unity,0,avg_tone_mean
2024-05,Unity,0,avg_tone_mean
2024-06,Unity,0,avg_tone_mean
2024-07,Unity,0,avg_tone_mean
2024-08,Unity,0,avg_tone_mean
2024-09,Unity,0,avg_tone_mean
2024-10,Unity,1,avg_tone_mean
2024-11,Unity,0,avg_tone_mean
2024-12,Unity,0,avg_tone_mean
2025-01,Unity,1,avg_tone_mean
2025-02,Unity,0,avg_tone_mean
2025-03,Unity,0,avg_tone_mean
2025-04,Unity,1,avg_tone_mean
2025-05,Unity,0,avg_tone_mean
2025-06,Unity,0,avg_tone_mean
2025-07,Unity,0,avg_tone_mean
2025-08,Unity,0,avg_tone_mean
2025-09,Unity,0,avg_tone_mean
2025-10,Unity,0,avg_tone_mean
2025-11,Unity,0,avg_tone_mean
2025-12,Unity,0,avg_tone_mean
2014-03,Upper Nile,0,avg_tone_mean
2014-04,Upper Nile,0,avg_tone_mean
2014-05,Upper Nile,0,avg_tone_mean
2014-07,Upper Nile,0,avg_tone_mean
2014-11,Upper Nile,0,avg_tone_mean
2014-12,Upper Nile,0,avg_tone_mean
2015-01,Upper Nile,0,avg_tone_mean
2015-02,Upper Nile,0,avg_tone_mean
2015-03,Upper Nile,0,avg_tone_mean
2015-04,Upper Nile,0,avg_tone_mean
2015-05,Upper Nile,1,avg_tone_mean
2015-06,Upper Nile,0,avg_tone_mean
2015-07,Upper Nile,1,avg_tone_mean
2015-08,Upper Nile,0,avg_tone_mean
2015-09,Upper Nile,1,avg_tone_mean
2015-10,Upper Nile,2,avg_tone_mean
2015-11,Upper Nile,2,avg_tone_mean
2015-12,Upper Nile,0,avg_tone_mean
2016-01,Upper Nile,1,avg_tone_mean
2016-02,Upper Nile,0,avg_tone_mean
2016-03,Upper Nile,0,avg_tone_mean
2016-04,Upper Nile,0,avg_tone_mean
2016-05,Upper Nile,0,avg_tone_mean
2016-06,Upper Nile,0,avg_tone_mean
2016-07,Upper Nile,0,avg_tone_mean
2016-08,Upper Nile,0,avg_tone_mean
2016-09,Upper Nile,0,avg_tone_mean
2016-10,Upper Nile,2,avg_tone_mean
2016-11,Upper Nile,1,avg_tone_mean
2016-12,Upper Nile,1,avg_tone_mean
2017-01,Upper Nile,2,avg_tone_mean
2017-02,Upper Nile,0,avg_tone_mean
2017-03,Upper Nile,0,avg_tone_mean
2017-04,Upper Nile,1,avg_tone_mean
2017-05,Upper Nile,0,avg_tone_mean
2017-06,Upper Nile,1,avg_tone_mean
2017-07,Upper Nile,0,avg_tone_mean
2017-08,Upper Nile,1,avg_tone_mean
2017-09,Upper Nile,0,avg_tone_mean
2017-10,Upper Nile,0,avg_tone_mean
2017-11,Upper Nile,0,avg_tone_mean
2017-12,Upper Nile,0,avg_tone_mean
2018-01,Upper Nile,2,avg_tone_mean
2018-02,Upper Nile,1,avg_tone_mean
2018-03,Upper Nile,2,avg_tone_mean
2018-04,Upper Nile,0,avg_tone_mean
2018-05,Upper Nile,1,avg_tone_mean
2018-06,Upper Nile,3,avg_tone_mean
2018-07,Upper Nile,1,avg_tone_mean
2018-08,Upper Nile,0,avg_tone_mean
2018-09,Upper Nile,0,avg_tone_mean
2018-10,Upper Nile,0,avg_tone_mean
2018-11,Upper Nile,0,avg_tone_mean
2018-12,Upper Nile,0,avg_tone_mean
2019-01,Upper Nile,0,avg_tone_mean
2019-02,Upper Nile,0,avg_tone_mean
2019-03,Upper Nile,0,avg_tone_mean
2019-04,Upper Nile,0,avg_tone_mean
2019-05,Upper Nile,0,avg_tone_mean
2019-06,Upper Nile,0,avg_tone_mean
2019-07,Upper Nile,0,avg_tone_mean
2019-08,Upper Nile,0,avg_tone_mean
2019-09,Upper Nile,0,avg_tone_mean
2019-10,Upper Nile,0,avg_tone_mean
2019-11,Upper Nile,0,avg_tone_mean
2019-12,Upper Nile,0,avg_tone_mean
2020-01,Upper Nile,0,avg_tone_mean
2020-02,Upper Nile,0,avg_tone_mean
2020-03,Upper Nile,0,avg_tone_mean
2020-04,Upper Nile,0,avg_tone_mean
2020-05,Upper Nile,2,avg_tone_mean
2020-06,Upper Nile,0,avg_tone_mean
2020-07,Upper Nile,0,avg_tone_mean
2020-08,Upper Nile,1,avg_tone_mean
2020-09,Upper Nile,0,avg_tone_mean
2020-10,Upper Nile,0,avg_tone_mean
2020-11,Upper Nile,0,avg_tone_mean
2020-12,Upper Nile,2,avg_tone_mean
2021-01,Upper Nile,0,avg_tone_mean
2021-02,Upper Nile,0,avg_tone_mean
2021-03,Upper Nile,1,avg_tone_mean
2021-04,Upper Nile,1,avg_tone_mean
2021-05,Upper Nile,0,avg_tone_mean
2021-06,Upper Nile,0,avg_tone_mean
2021-07,Upper Nile,0,avg_tone_mean
2021-08,Upper Nile,0,avg_tone_mean
2021-09,Upper Nile,1,avg_tone_mean
2021-10,Upper Nile,0,avg_tone_mean
2021-11,Upper Nile,0,avg_tone_mean
2021-12,Upper Nile,0,avg_tone_mean
2022-01,Upper Nile,1,avg_tone_mean
2022-02,Upper Nile,0,avg_tone_mean
2022-03,Upper Nile,0,avg_tone_mean
2022-04,Upper Nile,0,avg_tone_mean
2022-05,Upper Nile,0,avg_tone_mean
2022-06,Upper Nile,0,avg_tone_mean
2022-07,Upper Nile,0,avg_tone_mean
2022-08,Upper Nile,0,avg_tone_mean
2022-09,Upper Nile,1,avg_tone_mean
2022-10,Upper Nile,0,avg_tone_mean
2022-11,Upper Nile,1,avg_tone_mean
2022-12,Upper Nile,3,avg_tone_mean
2023-01,Upper Nile,0,avg_tone_mean
2023-02,Upper Nile,0,avg_tone_mean
2023-03,Upper Nile,0,avg_tone_mean
2023-04,Upper Nile,0,avg_tone_mean
2023-05,Upper Nile,1,avg_tone_mean
2023-06,Upper Nile,0,avg_tone_mean
2023-07,Upper Nile,1,avg_tone_mean
2023-08,Upper Nile,0,avg_tone_mean
2023-09,Upper Nile,0,avg_tone_mean
2023-10,Upper Nile,0,avg_tone_mean
2023-11,Upper Nile,1,avg_tone_mean
2023-12,Upper Nile,1,avg_tone_mean
2024-01,Upper Nile,0,avg_tone_mean
2024-02,Upper Nile,0,avg_tone_mean
2024-03,Upper Nile,1,avg_tone_mean
2024-04,Upper Nile,0,avg_tone_mean
2024-05,Upper Nile,0,avg_tone_mean
2024-06,Upper Nile,1,avg_tone_mean
2024-07,Upper Nile,0,avg_tone_mean
2024-08,Upper Nile,1,avg_tone_mean
2024-09,Upper Nile,0,avg_tone_mean
2024-10,Upper Nile,1,avg_tone_mean
2024-11,Upper Nile,0,avg_tone_mean
2024-12,Upper Nile,0,avg_tone_mean
2025-01,Upper Nile,1,avg_tone_mean
2025-02,Upper Nile,0,avg_tone_mean
2025-03,Upper Nile,0,avg_tone_mean
2025-04,Upper Nile,0,avg_tone_mean
2025-05,Upper Nile,1,avg_tone_mean
2025-06,Upper Nile,1,avg_tone_mean
2025-07,Upper Nile,0,avg_tone_mean
2025-08,Upper Nile,0,avg_tone_mean
2025-09,Upper Nile,1,avg_tone_mean
2025-10,Upper Nile,0,avg_tone_mean
2025-11,Upper Nile,0,avg_tone_mean
2025-12,Upper Nile,0,avg_tone_mean
2014-03,Warrap,0,avg_tone_mean
2014-04,Warrap,0,avg_tone_mean
2014-05,Warrap,0,avg_tone_mean
2014-07,Warrap,0,avg_tone_mean
2014-11,Warrap,0,avg_tone_mean
2014-12,Warrap,0,avg_tone_mean
2015-01,Warrap,0,avg_tone_mean
2015-02,Warrap,0,avg_tone_mean
2015-03,Warrap,1,avg_tone_mean
2015-04,Warrap,0,avg_tone_mean
2015-05,Warrap,0,avg_tone_mean
2015-06,Warrap,0,avg_tone_mean
2015-07,Warrap,1,avg_tone_mean
2015-08,Warrap,0,avg_tone_mean
2015-09,Warrap,0,avg_tone_mean
2015-10,Warrap,1,avg_tone_mean
2015-11,Warrap,0,avg_tone_mean
2015-12,Warrap,0,avg_tone_mean
2016-01,Warrap,0,avg_tone_mean
2016-02,Warrap,1,avg_tone_mean
2016-03,Warrap,0,avg_tone_mean
2016-04,Warrap,0,avg_tone_mean
2016-05,Warrap,0,avg_tone_mean
2016-06,Warrap,0,avg_tone_mean
2016-07,Warrap,0,avg_tone_mean
2016-08,Warrap,0,avg_tone_mean
2016-09,Warrap,1,avg_tone_mean
2016-10,Warrap,0,avg_tone_mean
2016-11,Warrap,1,avg_tone_mean
2016-12,Warrap,0,avg_tone_mean
2017-01,Warrap,0,avg_tone_mean
2017-02,Warrap,0,avg_tone_mean
2017-03,Warrap,0,avg_tone_mean
2017-04,Warrap,0,avg_tone_mean
2017-05,Warrap,0,avg_tone_mean
2017-06,Warrap,1,avg_tone_mean
2017-07,Warrap,0,avg_tone_mean
2017-08,Warrap,0,avg_tone_mean
2017-09,Warrap,0,avg_tone_mean
2017-10,Warrap,0,avg_tone_mean
2017-11,Warrap,0,avg_tone_mean
2017-12,Warrap,1,avg_tone_mean
2018-01,Warrap,0,avg_tone_mean
2018-02,Warrap,0,avg_tone_mean
2018-03,Warrap,0,avg_tone_mean
2018-04,Warrap,0,avg_tone_mean
2018-05,Warrap,0,avg_tone_mean
2018-06,Warrap,0,avg_tone_mean
2018-07,Warrap,0,avg_tone_mean
2018-08,Warrap,0,avg_tone_mean
2018-09,Warrap,1,avg_tone_mean
2018-10,Warrap,0,avg_tone_mean
2018-11,Warrap,0,avg_tone_mean
2018-12,Warrap,0,avg_tone_mean
2019-01,Warrap,1,avg_tone_mean
2019-02,Warrap,0,avg_tone_mean
2019-03,Warrap,0,avg_tone_mean
2019-04,Warrap,0,avg_tone_mean
2019-05,Warrap,0,avg_tone_mean
2019-06,Warrap,0,avg_tone_mean
2019-07,Warrap,2,avg_tone_mean
2019-08,Warrap,0,avg_tone_mean
2019-09,Warrap,0,avg_tone_mean
2019-10,Warrap,0,avg_tone_mean
2019-11,Warrap,0,avg_tone_mean
2019-12,Warrap,0,avg_tone_mean
2020-01,Warrap,0,avg_tone_mean
2020-02,Warrap,0,avg_tone_mean
2020-03,Warrap,1,avg_tone_mean
2020-04,Warrap,0,avg_tone_mean
2020-05,Warrap,0,avg_tone_mean
2020-06,Warrap,0,avg_tone_mean
2020-07,Warrap,1,avg_tone_mean
2020-08,Warrap,0,avg_tone_mean
2020-09,Warrap,2,avg_tone_mean
2020-10,Warrap,0,avg_tone_mean
2020-11,Warrap,0,avg_tone_mean
2020-12,Warrap,1,avg_tone_mean
2021-01,Warrap,0,avg_tone_mean
2021-02,Warrap,1,avg_tone_mean
2021-03,Warrap,0,avg_tone_mean
2021-04,Warrap,1,avg_tone_mean
2021-05,Warrap,0,avg_tone_mean
2021-06,Warrap,0,avg_tone_mean
2021-07,Warrap,0,avg_tone_mean
2021-08,Warrap,1,avg_tone_mean
2021-09,Warrap,0,avg_tone_mean
2021-10,Warrap,1,avg_tone_mean
2021-11,Warrap,0,avg_tone_mean
2021-12,Warrap,1,avg_tone_mean
2022-01,Warrap,0,avg_tone_mean
2022-02,Warrap,0,avg_tone_mean
2022-03,Warrap,0,avg_tone_mean
2022-04,Warrap,0,avg_tone_mean
2022-05,Warrap,0,avg_tone_mean
2022-06,Warrap,0,avg_tone_mean
2022-07,Warrap,1,avg_tone_mean
2022-08,Warrap,0,avg_tone_mean
2022-09,Warrap,0,avg_tone_mean
2022-10,Warrap,0,avg_tone_mean
2022-11,Warrap,0,avg_tone_mean
2022-12,Warrap,1,avg_tone_mean
2023-01,Warrap,0,avg_tone_mean
2023-02,Warrap,1,avg_tone_mean
2023-03,Warrap,0,avg_tone_mean
2023-04,Warrap,0,avg_tone_mean
2023-05,Warrap,1,avg_tone_mean
2023-06,Warrap,0,avg_tone_mean
2023-07,Warrap,2,avg_tone_mean
2023-08,Warrap,0,avg_tone_mean
2023-09,Warrap,0,avg_tone_mean
2023-10,Warrap,0,avg_tone_mean
2023-11,Warrap,0,avg_tone_mean
2023-12,Warrap,0,avg_tone_mean
2024-01,Warrap,0,avg_tone_mean
2024-02,Warrap,0,avg_tone_mean
2024-03,Warrap,0,avg_tone_mean
2024-04,Warrap,0,avg_tone_mean
2024-05,Warrap,1,avg_tone_mean
2024-06,Warrap,0,avg_tone_mean
2024-07,Warrap,1,avg_tone_mean
2024-08,Warrap,0,avg_tone_mean
2024-09,Warrap,0,avg_tone_mean
2024-10,Warrap,1,avg_tone_mean
2024-11,Warrap,0,avg_tone_mean
2024-12,Warrap,0,avg_tone_mean
2025-01,Warrap,0,avg_tone_mean
2025-02,Warrap,0,avg_tone_mean
2025-03,Warrap,0,avg_tone_mean
2025-04,Warrap,1,avg_tone_mean
2025-05,Warrap,0,avg_tone_mean
2025-06,Warrap,0,avg_tone_mean
2025-07,Warrap,0,avg_tone_mean
2025-08,Warrap,0,avg_tone_mean
2025-09,Warrap,1,avg_tone_mean
2025-10,Warrap,0,avg_tone_mean
2025-11,Warrap,0,avg_tone_mean
2025-12,Warrap,0,avg_tone_mean
2014-03,Western Bahr el Ghazal,0,avg_tone_mean
2014-04,Western Bahr el Ghazal,0,avg_tone_mean
2014-05,Western Bahr el Ghazal,0,avg_tone_mean
2014-07,Western Bahr el Ghazal,0,avg_tone_mean
2014-11,Western Bahr el Ghazal,0,avg_tone_mean
2014-12,Western Bahr el Ghazal,0,avg_tone_mean
2015-01,Western Bahr el Ghazal,0,avg_tone_mean
2015-02,Western Bahr el Ghazal,0,avg_tone_mean
2015-03,Western Bahr el Ghazal,0,avg_tone_mean
2015-04,Western Bahr el Ghazal,1,avg_tone_mean
2015-05,Western Bahr el Ghazal,0,avg_tone_mean
2015-06,Western Bahr el Ghazal,0,avg_tone_mean
2015-07,Western Bahr el Ghazal,1,avg_tone_mean
2015-08,Western Bahr el Ghazal,0,avg_tone_mean
2015-09,Western Bahr el Ghazal,1,avg_tone_mean
2015-10,Western Bahr el Ghazal,0,avg_tone_mean
2015-11,Western Bahr el Ghazal,0,avg_tone_mean
2015-12,Western Bahr el Ghazal,1,avg_tone_mean
2016-01,Western Bahr el Ghazal,1,avg_tone_mean
2016-02,Western Bahr el Ghazal,0,avg_tone_mean
2016-03,Western Bahr el Ghazal,0,avg_tone_mean
2016-04,Western Bahr el Ghazal,0,avg_tone_mean
2016-05,Western Bahr el Ghazal,0,avg_tone_mean
2016-06,Western Bahr el Ghazal,0,avg_tone_mean
2016-07,Western Bahr el Ghazal,0,avg_tone_mean
2016-08,Western Bahr el Ghazal,0,avg_tone_mean
2016-09,Western Bahr el Ghazal,0,avg_tone_mean
2016-10,Western Bahr el Ghazal,1,avg_tone_mean
2016-11,Western Bahr el Ghazal,0,avg_tone_mean
2016-12,Western Bahr el Ghazal,0,avg_tone_mean
2017-01,Western Bahr el Ghazal,0,avg_tone_mean
2017-02,Western Bahr el Ghazal,0,avg_tone_mean
2017-03,Western Bahr el Ghazal,0,avg_tone_mean
2017-04,Western Bahr el Ghazal,0,avg_tone_mean
2017-05,Western Bahr el Ghazal,0,avg_tone_mean
2017-06,Western Bahr el Ghazal,1,avg_tone_mean
2017-07,Western Bahr el Ghazal,1,avg_tone_mean
2017-08,Western Bahr el Ghazal,1,avg_tone_mean
2017-09,Western Bahr el Ghazal,0,avg_tone_mean
2017-10,Western Bahr el Ghazal,1,avg_tone_mean
2017-11,Western Bahr el Ghazal,0,avg_tone_mean
2017-12,Western Bahr el Ghazal,0,avg_tone_mean
2018-01,Western Bahr el Ghazal,1,avg_tone_mean
2018-02,Western Bahr el Ghazal,0,avg_tone_mean
2018-03,Western Bahr el Ghazal,0,avg_tone_mean
2018-04,Western Bahr el Ghazal,2,avg_tone_mean
2018-05,Western Bahr el Ghazal,1,avg_tone_mean
2018-06,Western Bahr el Ghazal,0,avg_tone_mean
2018-07,Western Bahr el Ghazal,1,avg_tone_mean
2018-08,Western Bahr el Ghazal,0,avg_tone_mean
2018-09,Western Bahr el Ghazal,0,avg_tone_mean
2018-10,Western Bahr el Ghazal,1,avg_tone_mean
2018-11,Western Bahr el Ghazal,0,avg_tone_mean
2018-12,Western Bahr el Ghazal,0,avg_tone_mean
2019-01,Western Bahr el Ghazal,0,avg_tone_mean
2019-02,Western Bahr el Ghazal,0,avg_tone_mean
2019-03,Western Bahr el Ghazal,0,avg_tone_mean
2019-04,Western Bahr el Ghazal,0,avg_tone_mean
2019-05,Western Bahr el Ghazal,0,avg_tone_mean
2019-06,Western Bahr el Ghazal,0,avg_tone_mean
2019-07,Western Bahr el Ghazal,0,avg_tone_mean
2019-08,Western Bahr el Ghazal,0,avg_tone_mean
2019-09,Western Bahr el Ghazal,0,avg_tone_mean
2019-10,Western Bahr el Ghazal,0,avg_tone_mean
2019-11,Western Bahr el Ghazal,0,avg_tone_mean
2019-12,Western Bahr el Ghazal,0,avg_tone_mean
2020-01,Western Bahr el Ghazal,0,avg_tone_mean
2020-02,Western Bahr el Ghazal,0,avg_tone_mean
2020-03,Western Bahr el Ghazal,1,avg_tone_mean
2020-04,Western Bahr el Ghazal,0,avg_tone_mean
2020-05,Western Bahr el Ghazal,0,avg_tone_mean
2020-06,Western Bahr el Ghazal,0,avg_tone_mean
2020-07,Western Bahr el Ghazal,1,avg_tone_mean
2020-08,Western Bahr el Ghazal,0,avg_tone_mean
2020-09,Western Bahr el Ghazal,0,avg_tone_mean
2020-10,Western Bahr el Ghazal,0,avg_tone_mean
2020-11,Western Bahr el Ghazal,0,avg_tone_mean
2020-12,Western Bahr el Ghazal,0,avg_tone_mean
2021-01,Western Bahr el Ghazal,0,avg_tone_mean
2021-02,Western Bahr el Ghazal,0,avg_tone_mean
2021-03,Western Bahr el Ghazal,0,avg_tone_mean
2021-04,Western Bahr el Ghazal,0,avg_tone_mean
2021-05,Western Bahr el Ghazal,0,avg_tone_mean
2021-06,Western Bahr el Ghazal,0,avg_tone_mean
2021-07,Western Bahr el Ghazal,0,avg_tone_mean
2021-08,Western Bahr el Ghazal,0,avg_tone_mean
2021-09,Western Bahr el Ghazal,0,avg_tone_mean
2021-10,Western Bahr el Ghazal,0,avg_tone_mean
2021-11,Western Bahr el Ghazal,0,avg_tone_mean
2021-12,Western Bahr el Ghazal,1,avg_tone_mean
2022-01,Western Bahr el Ghazal,0,avg_tone_mean
2022-02,Western Bahr el Ghazal,0,avg_tone_mean
2022-03,Western Bahr el Ghazal,1,avg_tone_mean
2022-04,Western Bahr el Ghazal,0,avg_tone_mean
2022-05,Western Bahr el Ghazal,1,avg_tone_mean
2022-06,Western Bahr el Ghazal,1,avg_tone_mean
2022-07,Western Bahr el Ghazal,0,avg_tone_mean
2022-08,Western Bahr el Ghazal,0,avg_tone_mean
2022-09,Western Bahr el Ghazal,0,avg_tone_mean
2022-10,Western Bahr el Ghazal,0,avg_tone_mean
2022-11,Western Bahr el Ghazal,0,avg_tone_mean
2022-12,Western Bahr el Ghazal,0,avg_tone_mean
2023-01,Western Bahr el Ghazal,0,avg_tone_mean
2023-02,Western Bahr el Ghazal,0,avg_tone_mean
2023-03,Western Bahr el Ghazal,0,avg_tone_mean
2023-04,Western Bahr el Ghazal,0,avg_tone_mean
2023-05,Western Bahr el Ghazal,0,avg_tone_mean
2023-06,Western Bahr el Ghazal,0,avg_tone_mean
2023-07,Western Bahr el Ghazal,0,avg_tone_mean
2023-08,Western Bahr el Ghazal,1,avg_tone_mean
2023-09,Western Bahr el Ghazal,0,avg_tone_mean
2023-10,Western Bahr el Ghazal,0,avg_tone_mean
2023-11,Western Bahr el Ghazal,0,avg_tone_mean
2023-12,Western Bahr el Ghazal,0,avg_tone_mean
2024-01,Western Bahr el Ghazal,0,avg_tone_mean
2024-02,Western Bahr el Ghazal,0,avg_tone_mean
2024-03,Western Bahr el Ghazal,0,avg_tone_mean
2024-04,Western Bahr el Ghazal,0,avg_tone_mean
2024-05,Western Bahr el Ghazal,0,avg_tone_mean
2024-06,Western Bahr el Ghazal,0,avg_tone_mean
2024-07,Western Bahr el Ghazal,0,avg_tone_mean
2024-08,Western Bahr el Ghazal,0,avg_tone_mean
2024-09,Western Bahr el Ghazal,0,avg_tone_mean
2024-10,Western Bahr el Ghazal,0,avg_tone_mean
2024-11,Western Bahr el Ghazal,0,avg_tone_mean
2024-12,Western Bahr el Ghazal,0,avg_tone_mean
2025-01,Western Bahr el Ghazal,0,avg_tone_mean
2025-02,Western Bahr el Ghazal,0,avg_tone_mean
2025-03,Western Bahr el Ghazal,0,avg_tone_mean
2025-04,Western Bahr el Ghazal,0,avg_tone_mean
2025-05,Western Bahr el Ghazal,0,avg_tone_mean
2025-06,Western Bahr el Ghazal,0,avg_tone_mean
2025-07,Western Bahr el Ghazal,0,avg_tone_mean
2025-08,Western Bahr el Ghazal,0,avg_tone_mean
2025-09,Western Bahr el Ghazal,1,avg_tone_mean
2025-10,Western Bahr el Ghazal,1,avg_tone_mean
2025-11,Western Bahr el Ghazal,0,avg_tone_mean
2025-12,Western Bahr el Ghazal,0,avg_tone_mean
2014-03,Western Equatoria,0,avg_tone_mean
2014-04,Western Equatoria,0,avg_tone_mean
2014-05,Western Equatoria,0,avg_tone_mean
2014-07,Western Equatoria,0,avg_tone_mean
2014-11,Western Equatoria,0,avg_tone_mean
2014-12,Western Equatoria,0,avg_tone_mean
2015-01,Western Equatoria,0,avg_tone_mean
2015-02,Western Equatoria,0,avg_tone_mean
2015-03,Western Equatoria,0,avg_tone_mean
2015-04,Western Equatoria,0,avg_tone_mean
2015-05,Western Equatoria,0,avg_tone_mean
2015-06,Western Equatoria,1,avg_tone_mean
2015-07,Western Equatoria,0,avg_tone_mean
2015-08,Western Equatoria,0,avg_tone_mean
2015-09,Western Equatoria,0,avg_tone_mean
2015-10,Western Equatoria,0,avg_tone_mean
2015-11,Western Equatoria,0,avg_tone_mean
2015-12,Western Equatoria,0,avg_tone_mean
2016-01,Western Equatoria,0,avg_tone_mean
2016-02,Western Equatoria,0,avg_tone_mean
2016-03,Western Equatoria,0,avg_tone_mean
2016-04,Western Equatoria,0,avg_tone_mean
2016-05,Western Equatoria,0,avg_tone_mean
2016-06,Western Equatoria,1,avg_tone_mean
2016-07,Western Equatoria,0,avg_tone_mean
2016-08,Western Equatoria,1,avg_tone_mean
2016-09,Western Equatoria,2,avg_tone_mean
2016-10,Western Equatoria,1,avg_tone_mean
2016-11,Western Equatoria,1,avg_tone_mean
2016-12,Western Equatoria,0,avg_tone_mean
2017-01,Western Equatoria,1,avg_tone_mean
2017-02,Western Equatoria,2,avg_tone_mean
2017-03,Western Equatoria,2,avg_tone_mean
2017-04,Western Equatoria,0,avg_tone_mean
2017-05,Western Equatoria,1,avg_tone_mean
2017-06,Western Equatoria,0,avg_tone_mean
2017-07,Western Equatoria,1,avg_tone_mean
2017-08,Western Equatoria,1,avg_tone_mean
2017-09,Western Equatoria,0,avg_tone_mean
2017-10,Western Equatoria,1,avg_tone_mean
2017-11,Western Equatoria,0,avg_tone_mean
2017-12,Western Equatoria,1,avg_tone_mean
2018-01,Western Equatoria,0,avg_tone_mean
2018-02,Western Equatoria,0,avg_tone_mean
2018-03,Western Equatoria,0,avg_tone_mean
2018-04,Western Equatoria,0,avg_tone_mean
2018-05,Western Equatoria,0,avg_tone_mean
2018-06,Western Equatoria,1,avg_tone_mean
2018-07,Western Equatoria,2,avg_tone_mean
2018-08,Western Equatoria,0,avg_tone_mean
2018-09,Western Equatoria,0,avg_tone_mean
2018-10,Western Equatoria,0,avg_tone_mean
2018-11,Western Equatoria,0,avg_tone_mean
2018-12,Western Equatoria,0,avg_tone_mean
2019-01,Western Equatoria,0,avg_tone_mean
2019-02,Western Equatoria,0,avg_tone_mean
2019-03,Western Equatoria,0,avg_tone_mean
2019-04,Western Equatoria,0,avg_tone_mean
2019-05,Western Equatoria,0,avg_tone_mean
2019-06,Western Equatoria,0,avg_tone_mean
2019-07,Western Equatoria,0,avg_tone_mean
2019-08,Western Equatoria,0,avg_tone_mean
2019-09,Western Equatoria,0,avg_tone_mean
2019-10,Western Equatoria,0,avg_tone_mean
2019-11,Western Equatoria,0,avg_tone_mean
2019-12,Western Equatoria,0,avg_tone_mean
2020-01,Western Equatoria,0,avg_tone_mean
2020-02,Western Equatoria,0,avg_tone_mean
2020-03,Western Equatoria,0,avg_tone_mean
2020-04,Western Equatoria,0,avg_tone_mean
2020-05,Western Equatoria,1,avg_tone_mean
2020-06,Western Equatoria,0,avg_tone_mean
2020-07,Western Equatoria,0,avg_tone_mean
2020-08,Western Equatoria,0,avg_tone_mean
2020-09,Western Equatoria,0,avg_tone_mean
2020-10,Western Equatoria,0,avg_tone_mean
2020-11,Western Equatoria,1,avg_tone_mean
2020-12,Western Equatoria,0,avg_tone_mean
2021-01,Western Equatoria,0,avg_tone_mean
2021-02,Western Equatoria,0,avg_tone_mean
2021-03,Western Equatoria,0,avg_tone_mean
2021-04,Western Equatoria,0,avg_tone_mean
2021-05,Western Equatoria,0,avg_tone_mean
2021-06,Western Equatoria,0,avg_tone_mean
2021-07,Western Equatoria,0,avg_tone_mean
2021-08,Western Equatoria,1,avg_tone_mean
2021-09,Western Equatoria,3,avg_tone_mean
2021-10,Western Equatoria,1,avg_tone_mean
2021-11,Western Equatoria,0,avg_tone_mean
2021-12,Western Equatoria,0,avg_tone_mean
2022-01,Western Equatoria,0,avg_tone_mean
2022-02,Western Equatoria,1,avg_tone_mean
2022-03,Western Equatoria,0,avg_tone_mean
2022-04,Western Equatoria,0,avg_tone_mean
2022-05,Western Equatoria,0,avg_tone_mean
2022-06,Western Equatoria,0,avg_tone_mean
2022-07,Western Equatoria,0,avg_tone_mean
2022-08,Western Equatoria,0,avg_tone_mean
2022-09,Western Equatoria,0,avg_tone_mean
2022-10,Western Equatoria,0,avg_tone_mean
2022-11,Western Equatoria,2,avg_tone_mean
2022-12,Western Equatoria,0,avg_tone_mean
2023-01,Western Equatoria,1,avg_tone_mean
2023-02,Western Equatoria,0,avg_tone_mean
2023-03,Western Equatoria,1,avg_tone_mean
2023-04,Western Equatoria,0,avg_tone_mean
2023-05,Western Equatoria,0,avg_tone_mean
2023-06,Western Equatoria,1,avg_tone_mean
2023-07,Western Equatoria,0,avg_tone_mean
2023-08,Western Equatoria,0,avg_tone_mean
2023-09,Western Equatoria,1,avg_tone_mean
2023-10,Western Equatoria,0,avg_tone_mean
2023-11,Western Equatoria,0,avg_tone_mean
2023-12,Western Equatoria,0,avg_tone_mean
2024-01,Western Equatoria,0,avg_tone_mean
2024-02,Western Equatoria,0,avg_tone_mean
2024-03,Western Equatoria,0,avg_tone_mean
2024-04,Western Equatoria,0,avg_tone_mean
2024-05,Western Equatoria,1,avg_tone_mean
2024-06,Western Equatoria,1,avg_tone_mean
2024-07,Western Equatoria,0,avg_tone_mean
2024-08,Western Equatoria,0,avg_tone_mean
2024-09,Western Equatoria,0,avg_tone_mean
2024-10,Western Equatoria,0,avg_tone_mean
2024-11,Western Equatoria,0,avg_tone_mean
2024-12,Western Equatoria,0,avg_tone_mean
2025-01,Western Equatoria,0,avg_tone_mean
2025-02,Western Equatoria,0,avg_tone_mean
2025-03,Western Equatoria,0,avg_tone_mean
2025-04,Western Equatoria,0,avg_tone_mean
2025-05,Western Equatoria,2,avg_tone_mean
2025-06,Western Equatoria,0,avg_tone_mean
2025-07,Western Equatoria,1,avg_tone_mean
2025-08,Western Equatoria,0,avg_tone_mean
2025-09,Western Equatoria,0,avg_tone_mean
2025-10,Western Equatoria,0,avg_tone_mean
2025-11,Western Equatoria,1,avg_tone_mean
2025-12,Western Equatoria,0,avg_tone_mean
2014-03,Central Equatoria,0,num_mentions_sum
2014-04,Central Equatoria,0,num_mentions_sum
2014-05,Central Equatoria,0,num_mentions_sum
2014-07,Central Equatoria,0,num_mentions_sum
2014-11,Central Equatoria,0,num_mentions_sum
2014-12,Central Equatoria,0,num_mentions_sum
2015-01,Central Equatoria,0,num_mentions_sum
2015-02,Central Equatoria,0,num_mentions_sum
2015-03,Central Equatoria,0,num_mentions_sum
2015-04,Central Equatoria,0,num_mentions_sum
2015-05,Central Equatoria,2,num_mentions_sum
2015-06,Central Equatoria,0,num_mentions_sum
2015-07,Central Equatoria,0,num_mentions_sum
2015-08,Central Equatoria,1,num_mentions_sum
2015-09,Central Equatoria,1,num_mentions_sum
2015-10,Central Equatoria,2,num_mentions_sum
2015-11,Central Equatoria,0,num_mentions_sum
2015-12,Central Equatoria,0,num_mentions_sum
2016-01,Central Equatoria,1,num_mentions_sum
2016-02,Central Equatoria,2,num_mentions_sum
2016-03,Central Equatoria,0,num_mentions_sum
2016-04,Central Equatoria,1,num_mentions_sum
2016-05,Central Equatoria,0,num_mentions_sum
2016-06,Central Equatoria,0,num_mentions_sum
2016-07,Central Equatoria,6,num_mentions_sum
2016-08,Central Equatoria,4,num_mentions_sum
2016-09,Central Equatoria,3,num_mentions_sum
2016-10,Central Equatoria,2,num_mentions_sum
2016-11,Central Equatoria,1,num_mentions_sum
2016-12,Central Equatoria,1,num_mentions_sum
2017-01,Central Equatoria,1,num_mentions_sum
2017-02,Central Equatoria,0,num_mentions_sum
2017-03,Central Equatoria,2,num_mentions_sum
2017-04,Central Equatoria,0,num_mentions_sum
2017-05,Central Equatoria,0,num_mentions_sum
2017-06,Central Equatoria,0,num_mentions_sum
2017-07,Central Equatoria,0,num_mentions_sum
2017-08,Central Equatoria,0,num_mentions_sum
2017-09,Central Equatoria,0,num_mentions_sum
2017-10,Central Equatoria,0,num_mentions_sum
2017-11,Central Equatoria,0,num_mentions_sum
2017-12,Central Equatoria,0,num_mentions_sum
2018-01,Central Equatoria,2,num_mentions_sum
2018-02,Central Equatoria,1,num_mentions_sum
2018-03,Central Equatoria,0,num_mentions_sum
2018-04,Central Equatoria,1,num_mentions_sum
2018-05,Central Equatoria,0,num_mentions_sum
2018-06,Central Equatoria,0,num_mentions_sum
2018-07,Central Equatoria,0,num_mentions_sum
2018-08,Central Equatoria,0,num_mentions_sum
2018-09,Central Equatoria,1,num_mentions_sum
2018-10,Central Equatoria,2,num_mentions_sum
2018-11,Central Equatoria,0,num_mentions_sum
2018-12,Central Equatoria,1,num_mentions_sum
2019-01,Central Equatoria,0,num_mentions_sum
2019-02,Central Equatoria,0,num_mentions_sum
2019-03,Central Equatoria,0,num_mentions_sum
2019-04,Central Equatoria,0,num_mentions_sum
2019-05,Central Equatoria,1,num_mentions_sum
2019-06,Central Equatoria,0,num_mentions_sum
2019-07,Central Equatoria,0,num_mentions_sum
2019-08,Central Equatoria,0,num_mentions_sum
2019-09,Central Equatoria,0,num_mentions_sum
2019-10,Central Equatoria,0,num_mentions_sum
2019-11,Central Equatoria,1,num_mentions_sum
2019-12,Central Equatoria,0,num_mentions_sum
2020-01,Central Equatoria,0,num_mentions_sum
2020-02,Central Equatoria,0,num_mentions_sum
2020-03,Central Equatoria,0,num_mentions_sum
2020-04,Central Equatoria,0,num_mentions_sum
2020-05,Central Equatoria,0,num_mentions_sum
2020-06,Central Equatoria,1,num_mentions_sum
2020-07,Central Equatoria,0,num_mentions_sum
2020-08,Central Equatoria,0,num_mentions_sum
2020-09,Central Equatoria,0,num_mentions_sum
2020-10,Central Equatoria,0,num_mentions_sum
2020-11,Central Equatoria,0,num_mentions_sum
2020-12,Central Equatoria,0,num_mentions_sum
2021-01,Central Equatoria,0,num_mentions_sum
2021-02,Central Equatoria,0,num_mentions_sum
2021-03,Central Equatoria,0,num_mentions_sum
2021-04,Central Equatoria,0,num_mentions_sum
2021-05,Central Equatoria,0,num_mentions_sum
2021-06,Central Equatoria,0,num_mentions_sum
2021-07,Central Equatoria,0,num_mentions_sum
2021-08,Central Equatoria,2,num_mentions_sum
2021-09,Central Equatoria,0,num_mentions_sum
2021-10,Central Equatoria,0,num_mentions_sum
2021-11,Central Equatoria,0,num_mentions_sum
2021-12,Central Equatoria,1,num_mentions_sum
2022-01,Central Equatoria,0,num_mentions_sum
2022-02,Central Equatoria,1,num_mentions_sum
2022-03,Central Equatoria,1,num_mentions_sum
2022-04,Central Equatoria,1,num_mentions_sum
2022-05,Central Equatoria,0,num_mentions_sum
2022-06,Central Equatoria,1,num_mentions_sum
2022-07,Central Equatoria,1,num_mentions_sum
2022-08,Central Equatoria,0,num_mentions_sum
2022-09,Central Equatoria,1,num_mentions_sum
2022-10,Central Equatoria,0,num_mentions_sum
2022-11,Central Equatoria,1,num_mentions_sum
2022-12,Central Equatoria,1,num_mentions_sum
2023-01,Central Equatoria,0,num_mentions_sum
2023-02,Central Equatoria,0,num_mentions_sum
2023-03,Central Equatoria,0,num_mentions_sum
2023-04,Central Equatoria,1,num_mentions_sum
2023-05,Central Equatoria,0,num_mentions_sum
2023-06,Central Equatoria,0,num_mentions_sum
2023-07,Central Equatoria,0,num_mentions_sum
2023-08,Central Equatoria,0,num_mentions_sum
2023-09,Central Equatoria,0,num_mentions_sum
2023-10,Central Equatoria,0,num_mentions_sum
2023-11,Central Equatoria,0,num_mentions_sum
2023-12,Central Equatoria,0,num_mentions_sum
2024-01,Central Equatoria,0,num_mentions_sum
2024-02,Central Equatoria,1,num_mentions_sum
2024-03,Central Equatoria,1,num_mentions_sum
2024-04,Central Equatoria,0,num_mentions_sum
2024-05,Central Equatoria,0,num_mentions_sum
2024-06,Central Equatoria,0,num_mentions_sum
2024-07,Central Equatoria,0,num_mentions_sum
2024-08,Central Equatoria,2,num_mentions_sum
2024-09,Central Equatoria,0,num_mentions_sum
2024-10,Central Equatoria,0,num_mentions_sum
2024-11,Central Equatoria,1,num_mentions_sum
2024-12,Central Equatoria,0,num_mentions_sum
2025-01,Central Equatoria,1,num_mentions_sum
2025-02,Central Equatoria,0,num_mentions_sum
2025-03,Central Equatoria,1,num_mentions_sum
2025-04,Central Equatoria,1,num_mentions_sum
2025-05,Central Equatoria,0,num_mentions_sum
2025-06,Central Equatoria,0,num_mentions_sum
2025-07,Central Equatoria,1,num_mentions_sum
2025-08,Central Equatoria,0,num_mentions_sum
2025-09,Central Equatoria,1,num_mentions_sum
2025-10,Central Equatoria,1,num_mentions_sum
2025-11,Central Equatoria,0,num_mentions_sum
2025-12,Central Equatoria,1,num_mentions_sum
2014-03,Eastern Equatoria,0,num_mentions_sum
2014-04,Eastern Equatoria,0,num_mentions_sum
2014-05,Eastern Equatoria,0,num_mentions_sum
2014-07,Eastern Equatoria,0,num_mentions_sum
2014-11,Eastern Equatoria,0,num_mentions_sum
2014-12,Eastern Equatoria,0,num_mentions_sum
2015-01,Eastern Equatoria,0,num_mentions_sum
2015-02,Eastern Equatoria,0,num_mentions_sum
2015-03,Eastern Equatoria,1,num_mentions_sum
2015-04,Eastern Equatoria,1,num_mentions_sum
2015-05,Eastern Equatoria,0,num_mentions_sum
2015-06,Eastern Equatoria,2,num_mentions_sum
2015-07,Eastern Equatoria,2,num_mentions_sum
2015-08,Eastern Equatoria,5,num_mentions_sum
2015-09,Eastern Equatoria,1,num_mentions_sum
2015-10,Eastern Equatoria,0,num_mentions_sum
2015-11,Eastern Equatoria,1,num_mentions_sum
2015-12,Eastern Equatoria,2,num_mentions_sum
2016-01,Eastern Equatoria,0,num_mentions_sum
2016-02,Eastern Equatoria,0,num_mentions_sum
2016-03,Eastern Equatoria,0,num_mentions_sum
2016-04,Eastern Equatoria,0,num_mentions_sum
2016-05,Eastern Equatoria,1,num_mentions_sum
2016-06,Eastern Equatoria,0,num_mentions_sum
2016-07,Eastern Equatoria,2,num_mentions_sum
2016-08,Eastern Equatoria,1,num_mentions_sum
2016-09,Eastern Equatoria,1,num_mentions_sum
2016-10,Eastern Equatoria,3,num_mentions_sum
2016-11,Eastern Equatoria,0,num_mentions_sum
2016-12,Eastern Equatoria,0,num_mentions_sum
2017-01,Eastern Equatoria,0,num_mentions_sum
2017-02,Eastern Equatoria,1,num_mentions_sum
2017-03,Eastern Equatoria,3,num_mentions_sum
2017-04,Eastern Equatoria,1,num_mentions_sum
2017-05,Eastern Equatoria,1,num_mentions_sum
2017-06,Eastern Equatoria,1,num_mentions_sum
2017-07,Eastern Equatoria,1,num_mentions_sum
2017-08,Eastern Equatoria,0,num_mentions_sum
2017-09,Eastern Equatoria,1,num_mentions_sum
2017-10,Eastern Equatoria,0,num_mentions_sum
2017-11,Eastern Equatoria,1,num_mentions_sum
2017-12,Eastern Equatoria,0,num_mentions_sum
2018-01,Eastern Equatoria,3,num_mentions_sum
2018-02,Eastern Equatoria,1,num_mentions_sum
2018-03,Eastern Equatoria,1,num_mentions_sum
2018-04,Eastern Equatoria,1,num_mentions_sum
2018-05,Eastern Equatoria,1,num_mentions_sum
2018-06,Eastern Equatoria,0,num_mentions_sum
2018-07,Eastern Equatoria,0,num_mentions_sum
2018-08,Eastern Equatoria,0,num_mentions_sum
2018-09,Eastern Equatoria,0,num_mentions_sum
2018-10,Eastern Equatoria,1,num_mentions_sum
2018-11,Eastern Equatoria,0,num_mentions_sum
2018-12,Eastern Equatoria,0,num_mentions_sum
2019-01,Eastern Equatoria,0,num_mentions_sum
2019-02,Eastern Equatoria,0,num_mentions_sum
2019-03,Eastern Equatoria,0,num_mentions_sum
2019-04,Eastern Equatoria,1,num_mentions_sum
2019-05,Eastern Equatoria,1,num_mentions_sum
2019-06,Eastern Equatoria,0,num_mentions_sum
2019-07,Eastern Equatoria,0,num_mentions_sum
2019-08,Eastern Equatoria,0,num_mentions_sum
2019-09,Eastern Equatoria,0,num_mentions_sum
2019-10,Eastern Equatoria,0,num_mentions_sum
2019-11,Eastern Equatoria,0,num_mentions_sum
2019-12,Eastern Equatoria,0,num_mentions_sum
2020-01,Eastern Equatoria,1,num_mentions_sum
2020-02,Eastern Equatoria,0,num_mentions_sum
2020-03,Eastern Equatoria,0,num_mentions_sum
2020-04,Eastern Equatoria,2,num_mentions_sum
2020-05,Eastern Equatoria,0,num_mentions_sum
2020-06,Eastern Equatoria,0,num_mentions_sum
2020-07,Eastern Equatoria,0,num_mentions_sum
2020-08,Eastern Equatoria,0,num_mentions_sum
2020-09,Eastern Equatoria,0,num_mentions_sum
2020-10,Eastern Equatoria,0,num_mentions_sum
2020-11,Eastern Equatoria,1,num_mentions_sum
2020-12,Eastern Equatoria,1,num_mentions_sum
2021-01,Eastern Equatoria,0,num_mentions_sum
2021-02,Eastern Equatoria,0,num_mentions_sum
2021-03,Eastern Equatoria,1,num_mentions_sum
2021-04,Eastern Equatoria,2,num_mentions_sum
2021-05,Eastern Equatoria,3,num_mentions_sum
2021-06,Eastern Equatoria,3,num_mentions_sum
2021-07,Eastern Equatoria,1,num_mentions_sum
2021-08,Eastern Equatoria,3,num_mentions_sum
2021-09,Eastern Equatoria,0,num_mentions_sum
2021-10,Eastern Equatoria,1,num_mentions_sum
2021-11,Eastern Equatoria,0,num_mentions_sum
2021-12,Eastern Equatoria,0,num_mentions_sum
2022-01,Eastern Equatoria,0,num_mentions_sum
2022-02,Eastern Equatoria,0,num_mentions_sum
2022-03,Eastern Equatoria,1,num_mentions_sum
2022-04,Eastern Equatoria,0,num_mentions_sum
2022-05,Eastern Equatoria,0,num_mentions_sum
2022-06,Eastern Equatoria,0,num_mentions_sum
2022-07,Eastern Equatoria,0,num_mentions_sum
2022-08,Eastern Equatoria,1,num_mentions_sum
2022-09,Eastern Equatoria,1,num_mentions_sum
2022-10,Eastern Equatoria,0,num_mentions_sum
2022-11,Eastern Equatoria,1,num_mentions_sum
2022-12,Eastern Equatoria,0,num_mentions_sum
2023-01,Eastern Equatoria,0,num_mentions_sum
2023-02,Eastern Equatoria,1,num_mentions_sum
2023-03,Eastern Equatoria,1,num_mentions_sum
2023-04,Eastern Equatoria,0,num_mentions_sum
2023-05,Eastern Equatoria,0,num_mentions_sum
2023-06,Eastern Equatoria,0,num_mentions_sum
2023-07,Eastern Equatoria,1,num_mentions_sum
2023-08,Eastern Equatoria,0,num_mentions_sum
2023-09,Eastern Equatoria,2,num_mentions_sum
2023-10,Eastern Equatoria,0,num_mentions_sum
2023-11,Eastern Equatoria,0,num_mentions_sum
2023-12,Eastern Equatoria,0,num_mentions_sum
2024-01,Eastern Equatoria,0,num_mentions_sum
2024-02,Eastern Equatoria,1,num_mentions_sum
2024-03,Eastern Equatoria,1,num_mentions_sum
2024-04,Eastern Equatoria,0,num_mentions_sum
2024-05,Eastern Equatoria,0,num_mentions_sum
2024-06,Eastern Equatoria,1,num_mentions_sum
2024-07,Eastern Equatoria,0,num_mentions_sum
2024-08,Eastern Equatoria,1,num_mentions_sum
2024-09,Eastern Equatoria,0,num_mentions_sum
2024-10,Eastern Equatoria,1,num_mentions_sum
2024-11,Eastern Equatoria,0,num_mentions_sum
2024-12,Eastern Equatoria,0,num_mentions_sum
2025-01,Eastern Equatoria,0,num_mentions_sum
2025-02,Eastern Equatoria,0,num_mentions_sum
2025-03,Eastern Equatoria,1,num_mentions_sum
2025-04,Eastern Equatoria,0,num_mentions_sum
2025-05,Eastern Equatoria,1,num_mentions_sum
2025-06,Eastern Equatoria,0,num_mentions_sum
2025-07,Eastern Equatoria,0,num_mentions_sum
2025-08,Eastern Equatoria,0,num_mentions_sum
2025-09,Eastern Equatoria,1,num_mentions_sum
2025-10,Eastern Equatoria,0,num_mentions_sum
2025-11,Eastern Equatoria,1,num_mentions_sum
2025-12,Eastern Equatoria,0,num_mentions_sum
2014-03,Jonglei,0,num_mentions_sum
2014-04,Jonglei,0,num_mentions_sum
2014-05,Jonglei,0,num_mentions_sum
2014-07,Jonglei,0,num_mentions_sum
2014-11,Jonglei,0,num_mentions_sum
2014-12,Jonglei,0,num_mentions_sum
2015-01,Jonglei,0,num_mentions_sum
2015-02,Jonglei,0,num_mentions_sum
2015-03,Jonglei,2,num_mentions_sum
2015-04,Jonglei,0,num_mentions_sum
2015-05,Jonglei,3,num_mentions_sum
2015-06,Jonglei,0,num_mentions_sum
2015-07,Jonglei,0,num_mentions_sum
2015-08,Jonglei,3,num_mentions_sum
2015-09,Jonglei,1,num_mentions_sum
2015-10,Jonglei,1,num_mentions_sum
2015-11,Jonglei,0,num_mentions_sum
2015-12,Jonglei,0,num_mentions_sum
2016-01,Jonglei,0,num_mentions_sum
2016-02,Jonglei,1,num_mentions_sum
2016-03,Jonglei,1,num_mentions_sum
2016-04,Jonglei,0,num_mentions_sum
2016-05,Jonglei,0,num_mentions_sum
2016-06,Jonglei,0,num_mentions_sum
2016-07,Jonglei,1,num_mentions_sum
2016-08,Jonglei,0,num_mentions_sum
2016-09,Jonglei,0,num_mentions_sum
2016-10,Jonglei,0,num_mentions_sum
2016-11,Jonglei,0,num_mentions_sum
2016-12,Jonglei,2,num_mentions_sum
2017-01,Jonglei,0,num_mentions_sum
2017-02,Jonglei,2,num_mentions_sum
2017-03,Jonglei,1,num_mentions_sum
2017-04,Jonglei,3,num_mentions_sum
2017-05,Jonglei,0,num_mentions_sum
2017-06,Jonglei,1,num_mentions_sum
2017-07,Jonglei,1,num_mentions_sum
2017-08,Jonglei,0,num_mentions_sum
2017-09,Jonglei,1,num_mentions_sum
2017-10,Jonglei,0,num_mentions_sum
2017-11,Jonglei,1,num_mentions_sum
2017-12,Jonglei,3,num_mentions_sum
2018-01,Jonglei,2,num_mentions_sum
2018-02,Jonglei,1,num_mentions_sum
2018-03,Jonglei,0,num_mentions_sum
2018-04,Jonglei,1,num_mentions_sum
2018-05,Jonglei,1,num_mentions_sum
2018-06,Jonglei,0,num_mentions_sum
2018-07,Jonglei,0,num_mentions_sum
2018-08,Jonglei,2,num_mentions_sum
2018-09,Jonglei,1,num_mentions_sum
2018-10,Jonglei,1,num_mentions_sum
2018-11,Jonglei,3,num_mentions_sum
2018-12,Jonglei,0,num_mentions_sum
2019-01,Jonglei,1,num_mentions_sum
2019-02,Jonglei,0,num_mentions_sum
2019-03,Jonglei,0,num_mentions_sum
2019-04,Jonglei,0,num_mentions_sum
2019-05,Jonglei,0,num_mentions_sum
2019-06,Jonglei,0,num_mentions_sum
2019-07,Jonglei,0,num_mentions_sum
2019-08,Jonglei,0,num_mentions_sum
2019-09,Jonglei,0,num_mentions_sum
2019-10,Jonglei,0,num_mentions_sum
2019-11,Jonglei,0,num_mentions_sum
2019-12,Jonglei,0,num_mentions_sum
2020-01,Jonglei,0,num_mentions_sum
2020-02,Jonglei,0,num_mentions_sum
2020-03,Jonglei,0,num_mentions_sum
2020-04,Jonglei,1,num_mentions_sum
2020-05,Jonglei,1,num_mentions_sum
2020-06,Jonglei,1,num_mentions_sum
2020-07,Jonglei,0,num_mentions_sum
2020-08,Jonglei,0,num_mentions_sum
2020-09,Jonglei,1,num_mentions_sum
2020-10,Jonglei,0,num_mentions_sum
2020-11,Jonglei,1,num_mentions_sum
2020-12,Jonglei,2,num_mentions_sum
2021-01,Jonglei,0,num_mentions_sum
2021-02,Jonglei,0,num_mentions_sum
2021-03,Jonglei,1,num_mentions_sum
2021-04,Jonglei,1,num_mentions_sum
2021-05,Jonglei,0,num_mentions_sum
2021-06,Jonglei,0,num_mentions_sum
2021-07,Jonglei,0,num_mentions_sum
2021-08,Jonglei,2,num_mentions_sum
2021-09,Jonglei,0,num_mentions_sum
2021-10,Jonglei,0,num_mentions_sum
2021-11,Jonglei,1,num_mentions_sum
2021-12,Jonglei,0,num_mentions_sum
2022-01,Jonglei,3,num_mentions_sum
2022-02,Jonglei,0,num_mentions_sum
2022-03,Jonglei,0,num_mentions_sum
2022-04,Jonglei,2,num_mentions_sum
2022-05,Jonglei,0,num_mentions_sum
2022-06,Jonglei,0,num_mentions_sum
2022-07,Jonglei,1,num_mentions_sum
2022-08,Jonglei,1,num_mentions_sum
2022-09,Jonglei,0,num_mentions_sum
2022-10,Jonglei,0,num_mentions_sum
2022-11,Jonglei,0,num_mentions_sum
2022-12,Jonglei,2,num_mentions_sum
2023-01,Jonglei,2,num_mentions_sum
2023-02,Jonglei,0,num_mentions_sum
2023-03,Jonglei,2,num_mentions_sum
2023-04,Jonglei,1,num_mentions_sum
2023-05,Jonglei,1,num_mentions_sum
2023-06,Jonglei,0,num_mentions_sum
2023-07,Jonglei,1,num_mentions_sum
2023-08,Jonglei,0,num_mentions_sum
2023-09,Jonglei,0,num_mentions_sum
2023-10,Jonglei,0,num_mentions_sum
2023-11,Jonglei,0,num_mentions_sum
2023-12,Jonglei,0,num_mentions_sum
2024-01,Jonglei,1,num_mentions_sum
2024-02,Jonglei,0,num_mentions_sum
2024-03,Jonglei,0,num_mentions_sum
2024-04,Jonglei,0,num_mentions_sum
2024-05,Jonglei,0,num_mentions_sum
2024-06,Jonglei,1,num_mentions_sum
2024-07,Jonglei,0,num_mentions_sum
2024-08,Jonglei,0,num_mentions_sum
2024-09,Jonglei,0,num_mentions_sum
2024-10,Jonglei,0,num_mentions_sum
2024-11,Jonglei,0,num_mentions_sum
2024-12,Jonglei,1,num_mentions_sum
2025-01,Jonglei,0,num_mentions_sum
2025-02,Jonglei,0,num_mentions_sum
2025-03,Jonglei,1,num_mentions_sum
2025-04,Jonglei,0,num_mentions_sum
2025-05,Jonglei,3,num_mentions_sum
2025-06,Jonglei,0,num_mentions_sum
2025-07,Jonglei,0,num_mentions_sum
2025-08,Jonglei,2,num_mentions_sum
2025-09,Jonglei,1,num_mentions_sum
2025-10,Jonglei,0,num_mentions_sum
2025-11,Jonglei,0,num_mentions_sum
2025-12,Jonglei,0,num_mentions_sum
2014-03,Lakes,0,num_mentions_sum
2014-04,Lakes,0,num_mentions_sum
2014-05,Lakes,0,num_mentions_sum
2014-07,Lakes,0,num_mentions_sum
2014-11,Lakes,0,num_mentions_sum
2014-12,Lakes,0,num_mentions_sum
2015-01,Lakes,0,num_mentions_sum
2015-02,Lakes,1,num_mentions_sum
2015-03,Lakes,0,num_mentions_sum
2015-04,Lakes,1,num_mentions_sum
2015-05,Lakes,2,num_mentions_sum
2015-06,Lakes,3,num_mentions_sum
2015-07,Lakes,3,num_mentions_sum
2015-08,Lakes,2,num_mentions_sum
2015-09,Lakes,1,num_mentions_sum
2015-10,Lakes,2,num_mentions_sum
2015-11,Lakes,3,num_mentions_sum
2015-12,Lakes,1,num_mentions_sum
2016-01,Lakes,0,num_mentions_sum
2016-02,Lakes,1,num_mentions_sum
2016-03,Lakes,0,num_mentions_sum
2016-04,Lakes,0,num_mentions_sum
2016-05,Lakes,0,num_mentions_sum
2016-06,Lakes,0,num_mentions_sum
2016-07,Lakes,0,num_mentions_sum
2016-08,Lakes,0,num_mentions_sum
2016-09,Lakes,0,num_mentions_sum
2016-10,Lakes,0,num_mentions_sum
2016-11,Lakes,0,num_mentions_sum
2016-12,Lakes,0,num_mentions_sum
2017-01,Lakes,0,num_mentions_sum
2017-02,Lakes,0,num_mentions_sum
2017-03,Lakes,3,num_mentions_sum
2017-04,Lakes,0,num_mentions_sum
2017-05,Lakes,2,num_mentions_sum
2017-06,Lakes,0,num_mentions_sum
2017-07,Lakes,0,num_mentions_sum
2017-08,Lakes,1,num_mentions_sum
2017-09,Lakes,0,num_mentions_sum
2017-10,Lakes,1,num_mentions_sum
2017-11,Lakes,1,num_mentions_sum
2017-12,Lakes,0,num_mentions_sum
2018-01,Lakes,1,num_mentions_sum
2018-02,Lakes,0,num_mentions_sum
2018-03,Lakes,1,num_mentions_sum
2018-04,Lakes,0,num_mentions_sum
2018-05,Lakes,0,num_mentions_sum
2018-06,Lakes,0,num_mentions_sum
2018-07,Lakes,0,num_mentions_sum
2018-08,Lakes,0,num_mentions_sum
2018-09,Lakes,1,num_mentions_sum
2018-10,Lakes,1,num_mentions_sum
2018-11,Lakes,0,num_mentions_sum
2018-12,Lakes,0,num_mentions_sum
2019-01,Lakes,0,num_mentions_sum
2019-02,Lakes,0,num_mentions_sum
2019-03,Lakes,0,num_mentions_sum
2019-04,Lakes,0,num_mentions_sum
2019-05,Lakes,1,num_mentions_sum
2019-06,Lakes,0,num_mentions_sum
2019-07,Lakes,0,num_mentions_sum
2019-08,Lakes,0,num_mentions_sum
2019-09,Lakes,0,num_mentions_sum
2019-10,Lakes,0,num_mentions_sum
2019-11,Lakes,0,num_mentions_sum
2019-12,Lakes,0,num_mentions_sum
2020-01,Lakes,0,num_mentions_sum
2020-02,Lakes,0,num_mentions_sum
2020-03,Lakes,0,num_mentions_sum
2020-04,Lakes,1,num_mentions_sum
2020-05,Lakes,0,num_mentions_sum
2020-06,Lakes,2,num_mentions_sum
2020-07,Lakes,1,num_mentions_sum
2020-08,Lakes,0,num_mentions_sum
2020-09,Lakes,0,num_mentions_sum
2020-10,Lakes,0,num_mentions_sum
2020-11,Lakes,0,num_mentions_sum
2020-12,Lakes,0,num_mentions_sum
2021-01,Lakes,0,num_mentions_sum
2021-02,Lakes,0,num_mentions_sum
2021-03,Lakes,0,num_mentions_sum
2021-04,Lakes,1,num_mentions_sum
2021-05,Lakes,1,num_mentions_sum
2021-06,Lakes,1,num_mentions_sum
2021-07,Lakes,2,num_mentions_sum
2021-08,Lakes,1,num_mentions_sum
2021-09,Lakes,1,num_mentions_sum
2021-10,Lakes,2,num_mentions_sum
2021-11,Lakes,1,num_mentions_sum
2021-12,Lakes,0,num_mentions_sum
2022-01,Lakes,0,num_mentions_sum
2022-02,Lakes,0,num_mentions_sum
2022-03,Lakes,1,num_mentions_sum
2022-04,Lakes,0,num_mentions_sum
2022-05,Lakes,0,num_mentions_sum
2022-06,Lakes,0,num_mentions_sum
2022-07,Lakes,0,num_mentions_sum
2022-08,Lakes,0,num_mentions_sum
2022-09,Lakes,0,num_mentions_sum
2022-10,Lakes,0,num_mentions_sum
2022-11,Lakes,0,num_mentions_sum
2022-12,Lakes,0,num_mentions_sum
2023-01,Lakes,0,num_mentions_sum
2023-02,Lakes,0,num_mentions_sum
2023-03,Lakes,0,num_mentions_sum
2023-04,Lakes,0,num_mentions_sum
2023-05,Lakes,0,num_mentions_sum
2023-06,Lakes,1,num_mentions_sum
2023-07,Lakes,0,num_mentions_sum
2023-08,Lakes,0,num_mentions_sum
2023-09,Lakes,1,num_mentions_sum
2023-10,Lakes,0,num_mentions_sum
2023-11,Lakes,1,num_mentions_sum
2023-12,Lakes,1,num_mentions_sum
2024-01,Lakes,0,num_mentions_sum
2024-02,Lakes,0,num_mentions_sum
2024-03,Lakes,0,num_mentions_sum
2024-04,Lakes,0,num_mentions_sum
2024-05,Lakes,1,num_mentions_sum
2024-06,Lakes,0,num_mentions_sum
2024-07,Lakes,0,num_mentions_sum
2024-08,Lakes,1,num_mentions_sum
2024-09,Lakes,0,num_mentions_sum
2024-10,Lakes,0,num_mentions_sum
2024-11,Lakes,0,num_mentions_sum
2024-12,Lakes,0,num_mentions_sum
2025-01,Lakes,0,num_mentions_sum
2025-02,Lakes,1,num_mentions_sum
2025-03,Lakes,1,num_mentions_sum
2025-04,Lakes,1,num_mentions_sum
2025-05,Lakes,1,num_mentions_sum
2025-06,Lakes,0,num_mentions_sum
2025-07,Lakes,0,num_mentions_sum
2025-08,Lakes,1,num_mentions_sum
2025-09,Lakes,1,num_mentions_sum
2025-10,Lakes,0,num_mentions_sum
2025-11,Lakes,0,num_mentions_sum
2025-12,Lakes,0,num_mentions_sum
2014-03,Northern Bahr el Ghazal,0,num_mentions_sum
2014-04,Northern Bahr el Ghazal,0,num_mentions_sum
2014-05,Northern Bahr el Ghazal,0,num_mentions_sum
2014-07,Northern Bahr el Ghazal,0,num_mentions_sum
2014-11,Northern Bahr el Ghazal,0,num_mentions_sum
2014-12,Northern Bahr el Ghazal,0,num_mentions_sum
2015-01,Northern Bahr el Ghazal,0,num_mentions_sum
2015-02,Northern Bahr el Ghazal,0,num_mentions_sum
2015-03,Northern Bahr el Ghazal,1,num_mentions_sum
2015-04,Northern Bahr el Ghazal,3,num_mentions_sum
2015-05,Northern Bahr el Ghazal,1,num_mentions_sum
2015-06,Northern Bahr el Ghazal,2,num_mentions_sum
2015-07,Northern Bahr el Ghazal,2,num_mentions_sum
2015-08,Northern Bahr el Ghazal,2,num_mentions_sum
2015-09,Northern Bahr el Ghazal,1,num_mentions_sum
2015-10,Northern Bahr el Ghazal,0,num_mentions_sum
2015-11,Northern Bahr el Ghazal,0,num_mentions_sum
2015-12,Northern Bahr el Ghazal,1,num_mentions_sum
2016-01,Northern Bahr el Ghazal,0,num_mentions_sum
2016-02,Northern Bahr el Ghazal,3,num_mentions_sum
2016-03,Northern Bahr el Ghazal,2,num_mentions_sum
2016-04,Northern Bahr el Ghazal,0,num_mentions_sum
2016-05,Northern Bahr el Ghazal,1,num_mentions_sum
2016-06,Northern Bahr el Ghazal,1,num_mentions_sum
2016-07,Northern Bahr el Ghazal,3,num_mentions_sum
2016-08,Northern Bahr el Ghazal,1,num_mentions_sum
2016-09,Northern Bahr el Ghazal,1,num_mentions_sum
2016-10,Northern Bahr el Ghazal,1,num_mentions_sum
2016-11,Northern Bahr el Ghazal,1,num_mentions_sum
2016-12,Northern Bahr el Ghazal,1,num_mentions_sum
2017-01,Northern Bahr el Ghazal,1,num_mentions_sum
2017-02,Northern Bahr el Ghazal,1,num_mentions_sum
2017-03,Northern Bahr el Ghazal,2,num_mentions_sum
2017-04,Northern Bahr el Ghazal,3,num_mentions_sum
2017-05,Northern Bahr el Ghazal,2,num_mentions_sum
2017-06,Northern Bahr el Ghazal,2,num_mentions_sum
2017-07,Northern Bahr el Ghazal,0,num_mentions_sum
2017-08,Northern Bahr el Ghazal,1,num_mentions_sum
2017-09,Northern Bahr el Ghazal,0,num_mentions_sum
2017-10,Northern Bahr el Ghazal,0,num_mentions_sum
2017-11,Northern Bahr el Ghazal,2,num_mentions_sum
2017-12,Northern Bahr el Ghazal,3,num_mentions_sum
2018-01,Northern Bahr el Ghazal,2,num_mentions_sum
2018-02,Northern Bahr el Ghazal,0,num_mentions_sum
2018-03,Northern Bahr el Ghazal,0,num_mentions_sum
2018-04,Northern Bahr el Ghazal,0,num_mentions_sum
2018-05,Northern Bahr el Ghazal,1,num_mentions_sum
2018-06,Northern Bahr el Ghazal,0,num_mentions_sum
2018-07,Northern Bahr el Ghazal,1,num_mentions_sum
2018-08,Northern Bahr el Ghazal,1,num_mentions_sum
2018-09,Northern Bahr el Ghazal,0,num_mentions_sum
2018-10,Northern Bahr el Ghazal,0,num_mentions_sum
2018-11,Northern Bahr el Ghazal,0,num_mentions_sum
2018-12,Northern Bahr el Ghazal,0,num_mentions_sum
2019-01,Northern Bahr el Ghazal,0,num_mentions_sum
2019-02,Northern Bahr el Ghazal,0,num_mentions_sum
2019-03,Northern Bahr el Ghazal,0,num_mentions_sum
2019-04,Northern Bahr el Ghazal,0,num_mentions_sum
2019-05,Northern Bahr el Ghazal,0,num_mentions_sum
2019-06,Northern Bahr el Ghazal,0,num_mentions_sum
2019-07,Northern Bahr el Ghazal,0,num_mentions_sum
2019-08,Northern Bahr el Ghazal,0,num_mentions_sum
2019-09,Northern Bahr el Ghazal,0,num_mentions_sum
2019-10,Northern Bahr el Ghazal,0,num_mentions_sum
2019-11,Northern Bahr el Ghazal,0,num_mentions_sum
2019-12,Northern Bahr el Ghazal,0,num_mentions_sum
2020-01,Northern Bahr el Ghazal,0,num_mentions_sum
2020-02,Northern Bahr el Ghazal,0,num_mentions_sum
2020-03,Northern Bahr el Ghazal,1,num_mentions_sum
2020-04,Northern Bahr el Ghazal,0,num_mentions_sum
2020-05,Northern Bahr el Ghazal,0,num_mentions_sum
2020-06,Northern Bahr el Ghazal,0,num_mentions_sum
2020-07,Northern Bahr el Ghazal,0,num_mentions_sum
2020-08,Northern Bahr el Ghazal,0,num_mentions_sum
2020-09,Northern Bahr el Ghazal,0,num_mentions_sum
2020-10,Northern Bahr el Ghazal,0,num_mentions_sum
2020-11,Northern Bahr el Ghazal,0,num_mentions_sum
2020-12,Northern Bahr el Ghazal,0,num_mentions_sum
2021-01,Northern Bahr el Ghazal,0,num_mentions_sum
2021-02,Northern Bahr el Ghazal,0,num_mentions_sum
2021-03,Northern Bahr el Ghazal,1,num_mentions_sum
2021-04,Northern Bahr el Ghazal,0,num_mentions_sum
2021-05,Northern Bahr el Ghazal,0,num_mentions_sum
2021-06,Northern Bahr el Ghazal,1,num_mentions_sum
2021-07,Northern Bahr el Ghazal,0,num_mentions_sum
2021-08,Northern Bahr el Ghazal,0,num_mentions_sum
2021-09,Northern Bahr el Ghazal,0,num_mentions_sum
2021-10,Northern Bahr el Ghazal,0,num_mentions_sum
2021-11,Northern Bahr el Ghazal,0,num_mentions_sum
2021-12,Northern Bahr el Ghazal,2,num_mentions_sum
2022-01,Northern Bahr el Ghazal,2,num_mentions_sum
2022-02,Northern Bahr el Ghazal,1,num_mentions_sum
2022-03,Northern Bahr el Ghazal,1,num_mentions_sum
2022-04,Northern Bahr el Ghazal,0,num_mentions_sum
2022-05,Northern Bahr el Ghazal,2,num_mentions_sum
2022-06,Northern Bahr el Ghazal,0,num_mentions_sum
2022-07,Northern Bahr el Ghazal,1,num_mentions_sum
2022-08,Northern Bahr el Ghazal,0,num_mentions_sum
2022-09,Northern Bahr el Ghazal,0,num_mentions_sum
2022-10,Northern Bahr el Ghazal,0,num_mentions_sum
2022-11,Northern Bahr el Ghazal,1,num_mentions_sum
2022-12,Northern Bahr el Ghazal,0,num_mentions_sum
2023-01,Northern Bahr el Ghazal,0,num_mentions_sum
2023-02,Northern Bahr el Ghazal,0,num_mentions_sum
2023-03,Northern Bahr el Ghazal,0,num_mentions_sum
2023-04,Northern Bahr el Ghazal,0,num_mentions_sum
2023-05,Northern Bahr el Ghazal,0,num_mentions_sum
2023-06,Northern Bahr el Ghazal,0,num_mentions_sum
2023-07,Northern Bahr el Ghazal,0,num_mentions_sum
2023-08,Northern Bahr el Ghazal,0,num_mentions_sum
2023-09,Northern Bahr el Ghazal,0,num_mentions_sum
2023-10,Northern Bahr el Ghazal,0,num_mentions_sum
2023-11,Northern Bahr el Ghazal,0,num_mentions_sum
2023-12,Northern Bahr el Ghazal,0,num_mentions_sum
2024-01,Northern Bahr el Ghazal,1,num_mentions_sum
2024-02,Northern Bahr el Ghazal,1,num_mentions_sum
2024-03,Northern Bahr el Ghazal,0,num_mentions_sum
2024-04,Northern Bahr el Ghazal,1,num_mentions_sum
2024-05,Northern Bahr el Ghazal,0,num_mentions_sum
2024-06,Northern Bahr el Ghazal,1,num_mentions_sum
2024-07,Northern Bahr el Ghazal,0,num_mentions_sum
2024-08,Northern Bahr el Ghazal,2,num_mentions_sum
2024-09,Northern Bahr el Ghazal,0,num_mentions_sum
2024-10,Northern Bahr el Ghazal,0,num_mentions_sum
2024-11,Northern Bahr el Ghazal,0,num_mentions_sum
2024-12,Northern Bahr el Ghazal,1,num_mentions_sum
2025-01,Northern Bahr el Ghazal,2,num_mentions_sum
2025-02,Northern Bahr el Ghazal,1,num_mentions_sum
2025-03,Northern Bahr el Ghazal,0,num_mentions_sum
2025-04,Northern Bahr el Ghazal,0,num_mentions_sum
2025-05,Northern Bahr el Ghazal,1,num_mentions_sum
2025-06,Northern Bahr el Ghazal,1,num_mentions_sum
2025-07,Northern Bahr el Ghazal,0,num_mentions_sum
2025-08,Northern Bahr el Ghazal,1,num_mentions_sum
2025-09,Northern Bahr el Ghazal,1,num_mentions_sum
2025-10,Northern Bahr el Ghazal,0,num_mentions_sum
2025-11,Northern Bahr el Ghazal,1,num_mentions_sum
2025-12,Northern Bahr el Ghazal,0,num_mentions_sum
2014-03,Unity,0,num_mentions_sum
2014-04,Unity,0,num_mentions_sum
2014-05,Unity,0,num_mentions_sum
2014-07,Unity,0,num_mentions_sum
2014-11,Unity,0,num_mentions_sum
2014-12,Unity,0,num_mentions_sum
2015-01,Unity,0,num_mentions_sum
2015-02,Unity,0,num_mentions_sum
2015-03,Unity,1,num_mentions_sum
2015-04,Unity,1,num_mentions_sum
2015-05,Unity,6,num_mentions_sum
2015-06,Unity,2,num_mentions_sum
2015-07,Unity,4,num_mentions_sum
2015-08,Unity,3,num_mentions_sum
2015-09,Unity,0,num_mentions_sum
2015-10,Unity,1,num_mentions_sum
2015-11,Unity,0,num_mentions_sum
2015-12,Unity,3,num_mentions_sum
2016-01,Unity,0,num_mentions_sum
2016-02,Unity,0,num_mentions_sum
2016-03,Unity,1,num_mentions_sum
2016-04,Unity,0,num_mentions_sum
2016-05,Unity,1,num_mentions_sum
2016-06,Unity,0,num_mentions_sum
2016-07,Unity,1,num_mentions_sum
2016-08,Unity,0,num_mentions_sum
2016-09,Unity,2,num_mentions_sum
2016-10,Unity,0,num_mentions_sum
2016-11,Unity,2,num_mentions_sum
2016-12,Unity,0,num_mentions_sum
2017-01,Unity,0,num_mentions_sum
2017-02,Unity,0,num_mentions_sum
2017-03,Unity,0,num_mentions_sum
2017-04,Unity,1,num_mentions_sum
2017-05,Unity,1,num_mentions_sum
2017-06,Unity,1,num_mentions_sum
2017-07,Unity,1,num_mentions_sum
2017-08,Unity,0,num_mentions_sum
2017-09,Unity,1,num_mentions_sum
2017-10,Unity,1,num_mentions_sum
2017-11,Unity,0,num_mentions_sum
2017-12,Unity,0,num_mentions_sum
2018-01,Unity,0,num_mentions_sum
2018-02,Unity,0,num_mentions_sum
2018-03,Unity,0,num_mentions_sum
2018-04,Unity,4,num_mentions_sum
2018-05,Unity,0,num_mentions_sum
2018-06,Unity,0,num_mentions_sum
2018-07,Unity,0,num_mentions_sum
2018-08,Unity,1,num_mentions_sum
2018-09,Unity,2,num_mentions_sum
2018-10,Unity,1,num_mentions_sum
2018-11,Unity,0,num_mentions_sum
2018-12,Unity,4,num_mentions_sum
2019-01,Unity,0,num_mentions_sum
2019-02,Unity,1,num_mentions_sum
2019-03,Unity,0,num_mentions_sum
2019-04,Unity,0,num_mentions_sum
2019-05,Unity,0,num_mentions_sum
2019-06,Unity,0,num_mentions_sum
2019-07,Unity,0,num_mentions_sum
2019-08,Unity,0,num_mentions_sum
2019-09,Unity,0,num_mentions_sum
2019-10,Unity,0,num_mentions_sum
2019-11,Unity,0,num_mentions_sum
2019-12,Unity,0,num_mentions_sum
2020-01,Unity,1,num_mentions_sum
2020-02,Unity,0,num_mentions_sum
2020-03,Unity,0,num_mentions_sum
2020-04,Unity,0,num_mentions_sum
2020-05,Unity,0,num_mentions_sum
2020-06,Unity,0,num_mentions_sum
2020-07,Unity,0,num_mentions_sum
2020-08,Unity,0,num_mentions_sum
2020-09,Unity,0,num_mentions_sum
2020-10,Unity,0,num_mentions_sum
2020-11,Unity,0,num_mentions_sum
2020-12,Unity,0,num_mentions_sum
2021-01,Unity,0,num_mentions_sum
2021-02,Unity,1,num_mentions_sum
2021-03,Unity,0,num_mentions_sum
2021-04,Unity,0,num_mentions_sum
2021-05,Unity,1,num_mentions_sum
2021-06,Unity,0,num_mentions_sum
2021-07,Unity,1,num_mentions_sum
2021-08,Unity,1,num_mentions_sum
2021-09,Unity,0,num_mentions_sum
2021-10,Unity,0,num_mentions_sum
2021-11,Unity,1,num_mentions_sum
2021-12,Unity,1,num_mentions_sum
2022-01,Unity,0,num_mentions_sum
2022-02,Unity,1,num_mentions_sum
2022-03,Unity,1,num_mentions_sum
2022-04,Unity,1,num_mentions_sum
2022-05,Unity,0,num_mentions_sum
2022-06,Unity,0,num_mentions_sum
2022-07,Unity,1,num_mentions_sum
2022-08,Unity,0,num_mentions_sum
2022-09,Unity,1,num_mentions_sum
2022-10,Unity,1,num_mentions_sum
2022-11,Unity,0,num_mentions_sum
2022-12,Unity,1,num_mentions_sum
2023-01,Unity,0,num_mentions_sum
2023-02,Unity,1,num_mentions_sum
2023-03,Unity,0,num_mentions_sum
2023-04,Unity,0,num_mentions_sum
2023-05,Unity,0,num_mentions_sum
2023-06,Unity,0,num_mentions_sum
2023-07,Unity,0,num_mentions_sum
2023-08,Unity,0,num_mentions_sum
2023-09,Unity,0,num_mentions_sum
2023-10,Unity,0,num_mentions_sum
2023-11,Unity,0,num_mentions_sum
2023-12,Unity,0,num_mentions_sum
2024-01,Unity,1,num_mentions_sum
2024-02,Unity,2,num_mentions_sum
2024-03,Unity,0,num_mentions_sum
2024-04,Unity,0,num_mentions_sum
2024-05,Unity,0,num_mentions_sum
2024-06,Unity,0,num_mentions_sum
2024-07,Unity,0,num_mentions_sum
2024-08,Unity,1,num_mentions_sum
2024-09,Unity,0,num_mentions_sum
2024-10,Unity,0,num_mentions_sum
2024-11,Unity,0,num_mentions_sum
2024-12,Unity,1,num_mentions_sum
2025-01,Unity,0,num_mentions_sum
2025-02,Unity,0,num_mentions_sum
2025-03,Unity,0,num_mentions_sum
2025-04,Unity,0,num_mentions_sum
2025-05,Unity,0,num_mentions_sum
2025-06,Unity,0,num_mentions_sum
2025-07,Unity,0,num_mentions_sum
2025-08,Unity,0,num_mentions_sum
2025-09,Unity,0,num_mentions_sum
2025-10,Unity,0,num_mentions_sum
2025-11,Unity,0,num_mentions_sum
2025-12,Unity,0,num_mentions_sum
2014-03,Upper Nile,0,num_mentions_sum
2014-04,Upper Nile,0,num_mentions_sum
2014-05,Upper Nile,0,num_mentions_sum
2014-07,Upper Nile,0,num_mentions_sum
2014-11,Upper Nile,0,num_mentions_sum
2014-12,Upper Nile,0,num_mentions_sum
2015-01,Upper Nile,0,num_mentions_sum
2015-02,Upper Nile,0,num_mentions_sum
2015-03,Upper Nile,2,num_mentions_sum
2015-04,Upper Nile,2,num_mentions_sum
2015-05,Upper Nile,6,num_mentions_sum
2015-06,Upper Nile,1,num_mentions_sum
2015-07,Upper Nile,2,num_mentions_sum
2015-08,Upper Nile,0,num_mentions_sum
2015-09,Upper Nile,2,num_mentions_sum
2015-10,Upper Nile,1,num_mentions_sum
2015-11,Upper Nile,2,num_mentions_sum
2015-12,Upper Nile,0,num_mentions_sum
2016-01,Upper Nile,0,num_mentions_sum
2016-02,Upper Nile,2,num_mentions_sum
2016-03,Upper Nile,2,num_mentions_sum
2016-04,Upper Nile,1,num_mentions_sum
2016-05,Upper Nile,0,num_mentions_sum
2016-06,Upper Nile,0,num_mentions_sum
2016-07,Upper Nile,0,num_mentions_sum
2016-08,Upper Nile,1,num_mentions_sum
2016-09,Upper Nile,0,num_mentions_sum
2016-10,Upper Nile,2,num_mentions_sum
2016-11,Upper Nile,0,num_mentions_sum
2016-12,Upper Nile,0,num_mentions_sum
2017-01,Upper Nile,2,num_mentions_sum
2017-02,Upper Nile,3,num_mentions_sum
2017-03,Upper Nile,3,num_mentions_sum
2017-04,Upper Nile,1,num_mentions_sum
2017-05,Upper Nile,1,num_mentions_sum
2017-06,Upper Nile,0,num_mentions_sum
2017-07,Upper Nile,4,num_mentions_sum
2017-08,Upper Nile,1,num_mentions_sum
2017-09,Upper Nile,2,num_mentions_sum
2017-10,Upper Nile,0,num_mentions_sum
2017-11,Upper Nile,0,num_mentions_sum
2017-12,Upper Nile,0,num_mentions_sum
2018-01,Upper Nile,0,num_mentions_sum
2018-02,Upper Nile,0,num_mentions_sum
2018-03,Upper Nile,0,num_mentions_sum
2018-04,Upper Nile,1,num_mentions_sum
2018-05,Upper Nile,0,num_mentions_sum
2018-06,Upper Nile,0,num_mentions_sum
2018-07,Upper Nile,0,num_mentions_sum
2018-08,Upper Nile,0,num_mentions_sum
2018-09,Upper Nile,0,num_mentions_sum
2018-10,Upper Nile,1,num_mentions_sum
2018-11,Upper Nile,1,num_mentions_sum
2018-12,Upper Nile,0,num_mentions_sum
2019-01,Upper Nile,0,num_mentions_sum
2019-02,Upper Nile,0,num_mentions_sum
2019-03,Upper Nile,0,num_mentions_sum
2019-04,Upper Nile,0,num_mentions_sum
2019-05,Upper Nile,0,num_mentions_sum
2019-06,Upper Nile,0,num_mentions_sum
2019-07,Upper Nile,0,num_mentions_sum
2019-08,Upper Nile,0,num_mentions_sum
2019-09,Upper Nile,0,num_mentions_sum
2019-10,Upper Nile,0,num_mentions_sum
2019-11,Upper Nile,0,num_mentions_sum
2019-12,Upper Nile,0,num_mentions_sum
2020-01,Upper Nile,0,num_mentions_sum
2020-02,Upper Nile,0,num_mentions_sum
2020-03,Upper Nile,0,num_mentions_sum
2020-04,Upper Nile,0,num_mentions_sum
2020-05,Upper Nile,0,num_mentions_sum
2020-06,Upper Nile,0,num_mentions_sum
2020-07,Upper Nile,0,num_mentions_sum
2020-08,Upper Nile,0,num_mentions_sum
2020-09,Upper Nile,0,num_mentions_sum
2020-10,Upper Nile,0,num_mentions_sum
2020-11,Upper Nile,0,num_mentions_sum
2020-12,Upper Nile,0,num_mentions_sum
2021-01,Upper Nile,0,num_mentions_sum
2021-02,Upper Nile,0,num_mentions_sum
2021-03,Upper Nile,0,num_mentions_sum
2021-04,Upper Nile,0,num_mentions_sum
2021-05,Upper Nile,0,num_mentions_sum
2021-06,Upper Nile,0,num_mentions_sum
2021-07,Upper Nile,0,num_mentions_sum
2021-08,Upper Nile,1,num_mentions_sum
2021-09,Upper Nile,0,num_mentions_sum
2021-10,Upper Nile,0,num_mentions_sum
2021-11,Upper Nile,0,num_mentions_sum
2021-12,Upper Nile,0,num_mentions_sum
2022-01,Upper Nile,0,num_mentions_sum
2022-02,Upper Nile,0,num_mentions_sum
2022-03,Upper Nile,1,num_mentions_sum
2022-04,Upper Nile,0,num_mentions_sum
2022-05,Upper Nile,0,num_mentions_sum
2022-06,Upper Nile,0,num_mentions_sum
2022-07,Upper Nile,0,num_mentions_sum
2022-08,Upper Nile,1,num_mentions_sum
2022-09,Upper Nile,1,num_mentions_sum
2022-10,Upper Nile,0,num_mentions_sum
2022-11,Upper Nile,0,num_mentions_sum
2022-12,Upper Nile,2,num_mentions_sum
2023-01,Upper Nile,1,num_mentions_sum
2023-02,Upper Nile,0,num_mentions_sum
2023-03,Upper Nile,0,num_mentions_sum
2023-04,Upper Nile,0,num_mentions_sum
2023-05,Upper Nile,0,num_mentions_sum
2023-06,Upper Nile,1,num_mentions_sum
2023-07,Upper Nile,0,num_mentions_sum
2023-08,Upper Nile,0,num_mentions_sum
2023-09,Upper Nile,0,num_mentions_sum
2023-10,Upper Nile,0,num_mentions_sum
2023-11,Upper Nile,2,num_mentions_sum
2023-12,Upper Nile,1,num_mentions_sum
2024-01,Upper Nile,0,num_mentions_sum
2024-02,Upper Nile,0,num_mentions_sum
2024-03,Upper Nile,1,num_mentions_sum
2024-04,Upper Nile,0,num_mentions_sum
2024-05,Upper Nile,0,num_mentions_sum
2024-06,Upper Nile,0,num_mentions_sum
2024-07,Upper Nile,0,num_mentions_sum
2024-08,Upper Nile,1,num_mentions_sum
2024-09,Upper Nile,0,num_mentions_sum
2024-10,Upper Nile,0,num_mentions_sum
2024-11,Upper Nile,1,num_mentions_sum
2024-12,Upper Nile,0,num_mentions_sum
2025-01,Upper Nile,0,num_mentions_sum
2025-02,Upper Nile,0,num_mentions_sum
2025-03,Upper Nile,3,num_mentions_sum
2025-04,Upper Nile,4,num_mentions_sum
2025-05,Upper Nile,2,num_mentions_sum
2025-06,Upper Nile,0,num_mentions_sum
2025-07,Upper Nile,0,num_mentions_sum
2025-08,Upper Nile,1,num_mentions_sum
2025-09,Upper Nile,3,num_mentions_sum
2025-10,Upper Nile,1,num_mentions_sum
2025-11,Upper Nile,0,num_mentions_sum
2025-12,Upper Nile,0,num_mentions_sum
2014-03,Warrap,0,num_mentions_sum
2014-04,Warrap,0,num_mentions_sum
2014-05,Warrap,0,num_mentions_sum
2014-07,Warrap,0,num_mentions_sum
2014-11,Warrap,0,num_mentions_sum
2014-12,Warrap,0,num_mentions_sum
2015-01,Warrap,0,num_mentions_sum
2015-02,Warrap,0,num_mentions_sum
2015-03,Warrap,1,num_mentions_sum
2015-04,Warrap,0,num_mentions_sum
2015-05,Warrap,2,num_mentions_sum
2015-06,Warrap,1,num_mentions_sum
2015-07,Warrap,3,num_mentions_sum
2015-08,Warrap,0,num_mentions_sum
2015-09,Warrap,0,num_mentions_sum
2015-10,Warrap,1,num_mentions_sum
2015-11,Warrap,1,num_mentions_sum
2015-12,Warrap,1,num_mentions_sum
2016-01,Warrap,0,num_mentions_sum
2016-02,Warrap,3,num_mentions_sum
2016-03,Warrap,1,num_mentions_sum
2016-04,Warrap,0,num_mentions_sum
2016-05,Warrap,1,num_mentions_sum
2016-06,Warrap,0,num_mentions_sum
2016-07,Warrap,1,num_mentions_sum
2016-08,Warrap,0,num_mentions_sum
2016-09,Warrap,0,num_mentions_sum
2016-10,Warrap,0,num_mentions_sum
2016-11,Warrap,0,num_mentions_sum
2016-12,Warrap,0,num_mentions_sum
2017-01,Warrap,0,num_mentions_sum
2017-02,Warrap,0,num_mentions_sum
2017-03,Warrap,0,num_mentions_sum
2017-04,Warrap,1,num_mentions_sum
2017-05,Warrap,0,num_mentions_sum
2017-06,Warrap,2,num_mentions_sum
2017-07,Warrap,1,num_mentions_sum
2017-08,Warrap,1,num_mentions_sum
2017-09,Warrap,1,num_mentions_sum
2017-10,Warrap,1,num_mentions_sum
2017-11,Warrap,0,num_mentions_sum
2017-12,Warrap,0,num_mentions_sum
2018-01,Warrap,0,num_mentions_sum
2018-02,Warrap,0,num_mentions_sum
2018-03,Warrap,0,num_mentions_sum
2018-04,Warrap,0,num_mentions_sum
2018-05,Warrap,0,num_mentions_sum
2018-06,Warrap,0,num_mentions_sum
2018-07,Warrap,0,num_mentions_sum
2018-08,Warrap,0,num_mentions_sum
2018-09,Warrap,0,num_mentions_sum
2018-10,Warrap,0,num_mentions_sum
2018-11,Warrap,0,num_mentions_sum
2018-12,Warrap,0,num_mentions_sum
2019-01,Warrap,0,num_mentions_sum
2019-02,Warrap,0,num_mentions_sum
2019-03,Warrap,1,num_mentions_sum
2019-04,Warrap,0,num_mentions_sum
2019-05,Warrap,0,num_mentions_sum
2019-06,Warrap,0,num_mentions_sum
2019-07,Warrap,0,num_mentions_sum
2019-08,Warrap,0,num_mentions_sum
2019-09,Warrap,0,num_mentions_sum
2019-10,Warrap,0,num_mentions_sum
2019-11,Warrap,1,num_mentions_sum
2019-12,Warrap,1,num_mentions_sum
2020-01,Warrap,2,num_mentions_sum
2020-02,Warrap,0,num_mentions_sum
2020-03,Warrap,1,num_mentions_sum
2020-04,Warrap,1,num_mentions_sum
2020-05,Warrap,0,num_mentions_sum
2020-06,Warrap,0,num_mentions_sum
2020-07,Warrap,1,num_mentions_sum
2020-08,Warrap,2,num_mentions_sum
2020-09,Warrap,0,num_mentions_sum
2020-10,Warrap,0,num_mentions_sum
2020-11,Warrap,1,num_mentions_sum
2020-12,Warrap,0,num_mentions_sum
2021-01,Warrap,0,num_mentions_sum
2021-02,Warrap,0,num_mentions_sum
2021-03,Warrap,0,num_mentions_sum
2021-04,Warrap,1,num_mentions_sum
2021-05,Warrap,2,num_mentions_sum
2021-06,Warrap,1,num_mentions_sum
2021-07,Warrap,2,num_mentions_sum
2021-08,Warrap,0,num_mentions_sum
2021-09,Warrap,0,num_mentions_sum
2021-10,Warrap,1,num_mentions_sum
2021-11,Warrap,1,num_mentions_sum
2021-12,Warrap,0,num_mentions_sum
2022-01,Warrap,0,num_mentions_sum
2022-02,Warrap,0,num_mentions_sum
2022-03,Warrap,2,num_mentions_sum
2022-04,Warrap,1,num_mentions_sum
2022-05,Warrap,0,num_mentions_sum
2022-06,Warrap,0,num_mentions_sum
2022-07,Warrap,0,num_mentions_sum
2022-08,Warrap,0,num_mentions_sum
2022-09,Warrap,0,num_mentions_sum
2022-10,Warrap,0,num_mentions_sum
2022-11,Warrap,0,num_mentions_sum
2022-12,Warrap,1,num_mentions_sum
2023-01,Warrap,0,num_mentions_sum
2023-02,Warrap,0,num_mentions_sum
2023-03,Warrap,0,num_mentions_sum
2023-04,Warrap,1,num_mentions_sum
2023-05,Warrap,0,num_mentions_sum
2023-06,Warrap,0,num_mentions_sum
2023-07,Warrap,0,num_mentions_sum
2023-08,Warrap,0,num_mentions_sum
2023-09,Warrap,0,num_mentions_sum
2023-10,Warrap,2,num_mentions_sum
2023-11,Warrap,1,num_mentions_sum
2023-12,Warrap,1,num_mentions_sum
2024-01,Warrap,3,num_mentions_sum
2024-02,Warrap,1,num_mentions_sum
2024-03,Warrap,0,num_mentions_sum
2024-04,Warrap,1,num_mentions_sum
2024-05,Warrap,1,num_mentions_sum
2024-06,Warrap,0,num_mentions_sum
2024-07,Warrap,0,num_mentions_sum
2024-08,Warrap,2,num_mentions_sum
2024-09,Warrap,0,num_mentions_sum
2024-10,Warrap,0,num_mentions_sum
2024-11,Warrap,2,num_mentions_sum
2024-12,Warrap,0,num_mentions_sum
2025-01,Warrap,1,num_mentions_sum
2025-02,Warrap,0,num_mentions_sum
2025-03,Warrap,1,num_mentions_sum
2025-04,Warrap,0,num_mentions_sum
2025-05,Warrap,0,num_mentions_sum
2025-06,Warrap,0,num_mentions_sum
2025-07,Warrap,0,num_mentions_sum
2025-08,Warrap,0,num_mentions_sum
2025-09,Warrap,0,num_mentions_sum
2025-10,Warrap,1,num_mentions_sum
2025-11,Warrap,1,num_mentions_sum
2025-12,Warrap,1,num_mentions_sum
2014-03,Western Bahr el Ghazal,0,num_mentions_sum
2014-04,Western Bahr el Ghazal,0,num_mentions_sum
2014-05,Western Bahr el Ghazal,0,num_mentions_sum
2014-07,Western Bahr el Ghazal,0,num_mentions_sum
2014-11,Western Bahr el Ghazal,0,num_mentions_sum
2014-12,Western Bahr el Ghazal,0,num_mentions_sum
2015-01,Western Bahr el Ghazal,0,num_mentions_sum
2015-02,Western Bahr el Ghazal,0,num_mentions_sum
2015-03,Western Bahr el Ghazal,0,num_mentions_sum
2015-04,Western Bahr el Ghazal,1,num_mentions_sum
2015-05,Western Bahr el Ghazal,3,num_mentions_sum
2015-06,Western Bahr el Ghazal,2,num_mentions_sum
2015-07,Western Bahr el Ghazal,1,num_mentions_sum
2015-08,Western Bahr el Ghazal,2,num_mentions_sum
2015-09,Western Bahr el Ghazal,0,num_mentions_sum
2015-10,Western Bahr el Ghazal,1,num_mentions_sum
2015-11,Western Bahr el Ghazal,0,num_mentions_sum
2015-12,Western Bahr el Ghazal,1,num_mentions_sum
2016-01,Western Bahr el Ghazal,2,num_mentions_sum
2016-02,Western Bahr el Ghazal,0,num_mentions_sum
2016-03,Western Bahr el Ghazal,1,num_mentions_sum
2016-04,Western Bahr el Ghazal,4,num_mentions_sum
2016-05,Western Bahr el Ghazal,1,num_mentions_sum
2016-06,Western Bahr el Ghazal,2,num_mentions_sum
2016-07,Western Bahr el Ghazal,2,num_mentions_sum
2016-08,Western Bahr el Ghazal,0,num_mentions_sum
2016-09,Western Bahr el Ghazal,2,num_mentions_sum
2016-10,Western Bahr el Ghazal,1,num_mentions_sum
2016-11,Western Bahr el Ghazal,0,num_mentions_sum
2016-12,Western Bahr el Ghazal,0,num_mentions_sum
2017-01,Western Bahr el Ghazal,0,num_mentions_sum
2017-02,Western Bahr el Ghazal,0,num_mentions_sum
2017-03,Western Bahr el Ghazal,0,num_mentions_sum
2017-04,Western Bahr el Ghazal,1,num_mentions_sum
2017-05,Western Bahr el Ghazal,0,num_mentions_sum
2017-06,Western Bahr el Ghazal,0,num_mentions_sum
2017-07,Western Bahr el Ghazal,1,num_mentions_sum
2017-08,Western Bahr el Ghazal,0,num_mentions_sum
2017-09,Western Bahr el Ghazal,0,num_mentions_sum
2017-10,Western Bahr el Ghazal,1,num_mentions_sum
2017-11,Western Bahr el Ghazal,1,num_mentions_sum
2017-12,Western Bahr el Ghazal,1,num_mentions_sum
2018-01,Western Bahr el Ghazal,1,num_mentions_sum
2018-02,Western Bahr el Ghazal,0,num_mentions_sum
2018-03,Western Bahr el Ghazal,1,num_mentions_sum
2018-04,Western Bahr el Ghazal,3,num_mentions_sum
2018-05,Western Bahr el Ghazal,0,num_mentions_sum
2018-06,Western Bahr el Ghazal,0,num_mentions_sum
2018-07,Western Bahr el Ghazal,1,num_mentions_sum
2018-08,Western Bahr el Ghazal,0,num_mentions_sum
2018-09,Western Bahr el Ghazal,0,num_mentions_sum
2018-10,Western Bahr el Ghazal,0,num_mentions_sum
2018-11,Western Bahr el Ghazal,0,num_mentions_sum
2018-12,Western Bahr el Ghazal,0,num_mentions_sum
2019-01,Western Bahr el Ghazal,0,num_mentions_sum
2019-02,Western Bahr el Ghazal,0,num_mentions_sum
2019-03,Western Bahr el Ghazal,0,num_mentions_sum
2019-04,Western Bahr el Ghazal,1,num_mentions_sum
2019-05,Western Bahr el Ghazal,0,num_mentions_sum
2019-06,Western Bahr el Ghazal,0,num_mentions_sum
2019-07,Western Bahr el Ghazal,0,num_mentions_sum
2019-08,Western Bahr el Ghazal,0,num_mentions_sum
2019-09,Western Bahr el Ghazal,0,num_mentions_sum
2019-10,Western Bahr el Ghazal,0,num_mentions_sum
2019-11,Western Bahr el Ghazal,1,num_mentions_sum
2019-12,Western Bahr el Ghazal,0,num_mentions_sum
2020-01,Western Bahr el Ghazal,0,num_mentions_sum
2020-02,Western Bahr el Ghazal,0,num_mentions_sum
2020-03,Western Bahr el Ghazal,0,num_mentions_sum
2020-04,Western Bahr el Ghazal,0,num_mentions_sum
2020-05,Western Bahr el Ghazal,0,num_mentions_sum
2020-06,Western Bahr el Ghazal,0,num_mentions_sum
2020-07,Western Bahr el Ghazal,0,num_mentions_sum
2020-08,Western Bahr el Ghazal,0,num_mentions_sum
2020-09,Western Bahr el Ghazal,0,num_mentions_sum
2020-10,Western Bahr el Ghazal,0,num_mentions_sum
2020-11,Western Bahr el Ghazal,0,num_mentions_sum
2020-12,Western Bahr el Ghazal,0,num_mentions_sum
2021-01,Western Bahr el Ghazal,0,num_mentions_sum
2021-02,Western Bahr el Ghazal,0,num_mentions_sum
2021-03,Western Bahr el Ghazal,0,num_mentions_sum
2021-04,Western Bahr el Ghazal,0,num_mentions_sum
2021-05,Western Bahr el Ghazal,0,num_mentions_sum
2021-06,Western Bahr el Ghazal,0,num_mentions_sum
2021-07,Western Bahr el Ghazal,0,num_mentions_sum
2021-08,Western Bahr el Ghazal,1,num_mentions_sum
2021-09,Western Bahr el Ghazal,0,num_mentions_sum
2021-10,Western Bahr el Ghazal,1,num_mentions_sum
2021-11,Western Bahr el Ghazal,0,num_mentions_sum
2021-12,Western Bahr el Ghazal,0,num_mentions_sum
2022-01,Western Bahr el Ghazal,1,num_mentions_sum
2022-02,Western Bahr el Ghazal,0,num_mentions_sum
2022-03,Western Bahr el Ghazal,0,num_mentions_sum
2022-04,Western Bahr el Ghazal,0,num_mentions_sum
2022-05,Western Bahr el Ghazal,1,num_mentions_sum
2022-06,Western Bahr el Ghazal,0,num_mentions_sum
2022-07,Western Bahr el Ghazal,0,num_mentions_sum
2022-08,Western Bahr el Ghazal,0,num_mentions_sum
2022-09,Western Bahr el Ghazal,1,num_mentions_sum
2022-10,Western Bahr el Ghazal,0,num_mentions_sum
2022-11,Western Bahr el Ghazal,0,num_mentions_sum
2022-12,Western Bahr el Ghazal,1,num_mentions_sum
2023-01,Western Bahr el Ghazal,0,num_mentions_sum
2023-02,Western Bahr el Ghazal,1,num_mentions_sum
2023-03,Western Bahr el Ghazal,0,num_mentions_sum
2023-04,Western Bahr el Ghazal,1,num_mentions_sum
2023-05,Western Bahr el Ghazal,0,num_mentions_sum
2023-06,Western Bahr el Ghazal,0,num_mentions_sum
2023-07,Western Bahr el Ghazal,0,num_mentions_sum
2023-08,Western Bahr el Ghazal,0,num_mentions_sum
2023-09,Western Bahr el Ghazal,0,num_mentions_sum
2023-10,Western Bahr el Ghazal,1,num_mentions_sum
2023-11,Western Bahr el Ghazal,0,num_mentions_sum
2023-12,Western Bahr el Ghazal,0,num_mentions_sum
2024-01,Western Bahr el Ghazal,0,num_mentions_sum
2024-02,Western Bahr el Ghazal,1,num_mentions_sum
2024-03,Western Bahr el Ghazal,0,num_mentions_sum
2024-04,Western Bahr el Ghazal,1,num_mentions_sum
2024-05,Western Bahr el Ghazal,0,num_mentions_sum
2024-06,Western Bahr el Ghazal,0,num_mentions_sum
2024-07,Western Bahr el Ghazal,0,num_mentions_sum
2024-08,Western Bahr el Ghazal,0,num_mentions_sum
2024-09,Western Bahr el Ghazal,0,num_mentions_sum
2024-10,Western Bahr el Ghazal,1,num_mentions_sum
2024-11,Western Bahr el Ghazal,0,num_mentions_sum
2024-12,Western Bahr el Ghazal,0,num_mentions_sum
2025-01,Western Bahr el Ghazal,0,num_mentions_sum
2025-02,Western Bahr el Ghazal,0,num_mentions_sum
2025-03,Western Bahr el Ghazal,0,num_mentions_sum
2025-04,Western Bahr el Ghazal,0,num_mentions_sum
2025-05,Western Bahr el Ghazal,0,num_mentions_sum
2025-06,Western Bahr el Ghazal,0,num_mentions_sum
2025-07,Western Bahr el Ghazal,0,num_mentions_sum
2025-08,Western Bahr el Ghazal,0,num_mentions_sum
2025-09,Western Bahr el Ghazal,1,num_mentions_sum
2025-10,Western Bahr el Ghazal,0,num_mentions_sum
2025-11,Western Bahr el Ghazal,0,num_mentions_sum
2025-12,Western Bahr el Ghazal,1,num_mentions_sum
2014-03,Western Equatoria,0,num_mentions_sum
2014-04,Western Equatoria,0,num_mentions_sum
2014-05,Western Equatoria,0,num_mentions_sum
2014-07,Western Equatoria,0,num_mentions_sum
2014-11,Western Equatoria,0,num_mentions_sum
2014-12,Western Equatoria,0,num_mentions_sum
2015-01,Western Equatoria,0,num_mentions_sum
2015-02,Western Equatoria,0,num_mentions_sum
2015-03,Western Equatoria,0,num_mentions_sum
2015-04,Western Equatoria,0,num_mentions_sum
2015-05,Western Equatoria,1,num_mentions_sum
2015-06,Western Equatoria,0,num_mentions_sum
2015-07,Western Equatoria,1,num_mentions_sum
2015-08,Western Equatoria,1,num_mentions_sum
2015-09,Western Equatoria,4,num_mentions_sum
2015-10,Western Equatoria,4,num_mentions_sum
2015-11,Western Equatoria,1,num_mentions_sum
2015-12,Western Equatoria,4,num_mentions_sum
2016-01,Western Equatoria,3,num_mentions_sum
2016-02,Western Equatoria,1,num_mentions_sum
2016-03,Western Equatoria,3,num_mentions_sum
2016-04,Western Equatoria,2,num_mentions_sum
2016-05,Western Equatoria,1,num_mentions_sum
2016-06,Western Equatoria,0,num_mentions_sum
2016-07,Western Equatoria,2,num_mentions_sum
2016-08,Western Equatoria,0,num_mentions_sum
2016-09,Western Equatoria,1,num_mentions_sum
2016-10,Western Equatoria,1,num_mentions_sum
2016-11,Western Equatoria,0,num_mentions_sum
2016-12,Western Equatoria,2,num_mentions_sum
2017-01,Western Equatoria,1,num_mentions_sum
2017-02,Western Equatoria,0,num_mentions_sum
2017-03,Western Equatoria,1,num_mentions_sum
2017-04,Western Equatoria,0,num_mentions_sum
2017-05,Western Equatoria,0,num_mentions_sum
2017-06,Western Equatoria,0,num_mentions_sum
2017-07,Western Equatoria,0,num_mentions_sum
2017-08,Western Equatoria,0,num_mentions_sum
2017-09,Western Equatoria,3,num_mentions_sum
2017-10,Western Equatoria,0,num_mentions_sum
2017-11,Western Equatoria,1,num_mentions_sum
2017-12,Western Equatoria,0,num_mentions_sum
2018-01,Western Equatoria,1,num_mentions_sum
2018-02,Western Equatoria,0,num_mentions_sum
2018-03,Western Equatoria,1,num_mentions_sum
2018-04,Western Equatoria,1,num_mentions_sum
2018-05,Western Equatoria,0,num_mentions_sum
2018-06,Western Equatoria,0,num_mentions_sum
2018-07,Western Equatoria,2,num_mentions_sum
2018-08,Western Equatoria,1,num_mentions_sum
2018-09,Western Equatoria,1,num_mentions_sum
2018-10,Western Equatoria,0,num_mentions_sum
2018-11,Western Equatoria,0,num_mentions_sum
2018-12,Western Equatoria,1,num_mentions_sum
2019-01,Western Equatoria,0,num_mentions_sum
2019-02,Western Equatoria,1,num_mentions_sum
2019-03,Western Equatoria,1,num_mentions_sum
2019-04,Western Equatoria,0,num_mentions_sum
2019-05,Western Equatoria,0,num_mentions_sum
2019-06,Western Equatoria,0,num_mentions_sum
2019-07,Western Equatoria,0,num_mentions_sum
2019-08,Western Equatoria,0,num_mentions_sum
2019-09,Western Equatoria,0,num_mentions_sum
2019-10,Western Equatoria,0,num_mentions_sum
2019-11,Western Equatoria,0,num_mentions_sum
2019-12,Western Equatoria,1,num_mentions_sum
2020-01,Western Equatoria,1,num_mentions_sum
2020-02,Western Equatoria,1,num_mentions_sum
2020-03,Western Equatoria,0,num_mentions_sum
2020-04,Western Equatoria,0,num_mentions_sum
2020-05,Western Equatoria,1,num_mentions_sum
2020-06,Western Equatoria,0,num_mentions_sum
2020-07,Western Equatoria,0,num_mentions_sum
2020-08,Western Equatoria,1,num_mentions_sum
2020-09,Western Equatoria,0,num_mentions_sum
2020-10,Western Equatoria,0,num_mentions_sum
2020-11,Western Equatoria,1,num_mentions_sum
2020-12,Western Equatoria,0,num_mentions_sum
2021-01,Western Equatoria,0,num_mentions_sum
2021-02,Western Equatoria,0,num_mentions_sum
2021-03,Western Equatoria,0,num_mentions_sum
2021-04,Western Equatoria,0,num_mentions_sum
2021-05,Western Equatoria,0,num_mentions_sum
2021-06,Western Equatoria,0,num_mentions_sum
2021-07,Western Equatoria,0,num_mentions_sum
2021-08,Western Equatoria,0,num_mentions_sum
2021-09,Western Equatoria,1,num_mentions_sum
2021-10,Western Equatoria,1,num_mentions_sum
2021-11,Western Equatoria,0,num_mentions_sum
2021-12,Western Equatoria,0,num_mentions_sum
2022-01,Western Equatoria,0,num_mentions_sum
2022-02,Western Equatoria,0,num_mentions_sum
2022-03,Western Equatoria,0,num_mentions_sum
2022-04,Western Equatoria,1,num_mentions_sum
2022-05,Western Equatoria,0,num_mentions_sum
2022-06,Western Equatoria,0,num_mentions_sum
2022-07,Western Equatoria,0,num_mentions_sum
2022-08,Western Equatoria,1,num_mentions_sum
2022-09,Western Equatoria,0,num_mentions_sum
2022-10,Western Equatoria,0,num_mentions_sum
2022-11,Western Equatoria,0,num_mentions_sum
2022-12,Western Equatoria,1,num_mentions_sum
2023-01,Western Equatoria,1,num_mentions_sum
2023-02,Western Equatoria,0,num_mentions_sum
2023-03,Western Equatoria,0,num_mentions_sum
2023-04,Western Equatoria,1,num_mentions_sum
2023-05,Western Equatoria,0,num_mentions_sum
2023-06,Western Equatoria,1,num_mentions_sum
2023-07,Western Equatoria,0,num_mentions_sum
2023-08,Western Equatoria,0,num_mentions_sum
2023-09,Western Equatoria,0,num_mentions_sum
2023-10,Western Equatoria,0,num_mentions_sum
2023-11,Western Equatoria,0,num_mentions_sum
2023-12,Western Equatoria,0,num_mentions_sum
2024-01,Western Equatoria,0,num_mentions_sum
2024-02,Western Equatoria,0,num_mentions_sum
2024-03,Western Equatoria,0,num_mentions_sum
2024-04,Western Equatoria,0,num_mentions_sum
2024-05,Western Equatoria,2,num_mentions_sum
2024-06,Western Equatoria,0,num_mentions_sum
2024-07,Western Equatoria,0,num_mentions_sum
2024-08,Western Equatoria,2,num_mentions_sum
2024-09,Western Equatoria,0,num_mentions_sum
2024-10,Western Equatoria,0,num_mentions_sum
2024-11,Western Equatoria,0,num_mentions_sum
2024-12,Western Equatoria,1,num_mentions_sum
2025-01,Western Equatoria,0,num_mentions_sum
2025-02,Western Equatoria,2,num_mentions_sum
2025-03,Western Equatoria,0,num_mentions_sum
2025-04,Western Equatoria,1,num_mentions_sum
2025-05,Western Equatoria,3,num_mentions_sum
2025-06,Western Equatoria,0,num_mentions_sum
2025-07,Western Equatoria,1,num_mentions_sum
2025-08,Western Equatoria,1,num_mentions_sum
2025-09,Western Equatoria,1,num_mentions_sum
2025-10,Western Equatoria,0,num_mentions_sum
2025-11,Western Equatoria,1,num_mentions_sum
2025-12,Western Equatoria,0,num_mentions_sum
